evt: {"changed":["/config/workspace/busybase/.gm/config-source-cache-default/gm.config.json"],"changed_count":1,"event":"config_changed","id":"cfg-implicit_default_repo-17ff311128c7-1785995783773","new_sha":"17ff311128c7","old_sha":"","tier":"implicit_default_repo","ts":1785995783777}
evt: {"event":"config_unknown_keys","keys":["browser_witness","claim_audit","code_chunks","code_index","discipline_note","embed","git_commits","instruction_payload","pipeline","rssearch"],"reason":"these top-level keys are not recognised by this build and are being IGNORED -- a typo looks exactly like this. If they come from a newer schema, this is expected and harmless.","tier":"implicit_default_repo","ts":1785995783847}
evt: {"event":"config_resolved","tier":"implicit_default_repo","ts":1785995783847,"version":1,"why":"gm's own shared default config repo at https://github.com/AnEntrypoint/gm-config (no project or user config.source.json configured)"}
evt: {"event":"config_unknown_keys","keys":["browser_witness","claim_audit","code_chunks","code_index","discipline_note","embed","git_commits","instruction_payload","pipeline","rssearch"],"reason":"these top-level keys are not recognised by this build and are being IGNORED -- a typo looks exactly like this. If they come from a newer schema, this is expected and harmless.","tier":"implicit_default_repo","ts":1785995783849}
evt: {"event":"config_resolved","tier":"implicit_default_repo","ts":1785995783849,"version":1,"why":"gm's own shared default config repo at https://github.com/AnEntrypoint/gm-config (no project or user config.source.json configured)"}
evt: {"event":"config_unknown_keys","keys":["browser_witness","claim_audit","code_chunks","code_index","discipline_note","embed","git_commits","instruction_payload","pipeline","rssearch"],"reason":"these top-level keys are not recognised by this build and are being IGNORED -- a typo looks exactly like this. If they come from a newer schema, this is expected and harmless.","tier":"implicit_default_repo","ts":1785995783858}
evt: {"event":"config_resolved","tier":"implicit_default_repo","ts":1785995783858,"version":1,"why":"gm's own shared default config repo at https://github.com/AnEntrypoint/gm-config (no project or user config.source.json configured)"}
evt: {"event":"config_unknown_keys","keys":["browser_witness","claim_audit","code_chunks","code_index","discipline_note","embed","git_commits","instruction_payload","pipeline","rssearch"],"reason":"these top-level keys are not recognised by this build and are being IGNORED -- a typo looks exactly like this. If they come from a newer schema, this is expected and harmless.","tier":"implicit_default_repo","ts":1785995783860}
evt: {"event":"config_resolved","tier":"implicit_default_repo","ts":1785995783860,"version":1,"why":"gm's own shared default config repo at https://github.com/AnEntrypoint/gm-config (no project or user config.source.json configured)"}
evt: {"dim":384,"event":"embed_generation_recorded","key":"b8b6f24106dd526a","model":"BAAI/bge-small-en-v1.5","scope":".gm/.embed-generation.rssearch_vectors","ts":1785995784279}
evt: {"event":"recall_first_touch_sync","namespaces":["default"],"result":{"converged":false,"report":[{"changed":0,"deferred":0,"failed":0,"namespace":"default","rekeyed":0,"removed_keys":0,"resurrected":0,"retimed":0,"upserted":0}]},"ts":1785995784347}
evt: {"did_sync":false,"event":"recall_vector_phase_timing","namespaces":1,"sync_ms":147,"ts":1785995784347}
evt: {"event":"recall_vector_phase_timing","outcome":"ok","search_ms":4,"ts":1785995784351}
evt: {"did_sync":false,"event":"recall_vector_phase_timing","namespaces":1,"sync_ms":5,"ts":1785995784356}
evt: {"event":"recall_vector_phase_timing","outcome":"ok","search_ms":1,"ts":1785995784357}
evt: {"event":"recall","hit":false,"mode":"kv_query","n_hits":0,"namespace":"default","query":"perfect project","sub":"memory","ts":1785995784357}
evt: {"event":"instruction.served","mutables_pending_count":0,"phase":"SPECIFY","prd_pending_count":0,"ts":1785995784361}
evt: {"event":"dispatch.end","ms":3108,"ts":1785995784361,"verb":"instruction"}
evt: {"event":"config_unknown_keys","keys":["browser_witness","claim_audit","code_chunks","code_index","discipline_note","embed","git_commits","instruction_payload","pipeline","rssearch"],"reason":"these top-level keys are not recognised by this build and are being IGNORED -- a typo looks exactly like this. If they come from a newer schema, this is expected and harmless.","tier":"implicit_default_repo","ts":1785995811319}
evt: {"event":"config_resolved","tier":"implicit_default_repo","ts":1785995811320,"version":1,"why":"gm's own shared default config repo at https://github.com/AnEntrypoint/gm-config (no project or user config.source.json configured)"}
evt: {"event":"config_unknown_keys","keys":["browser_witness","claim_audit","code_chunks","code_index","discipline_note","embed","git_commits","instruction_payload","pipeline","rssearch"],"reason":"these top-level keys are not recognised by this build and are being IGNORED -- a typo looks exactly like this. If they come from a newer schema, this is expected and harmless.","tier":"implicit_default_repo","ts":1785995811321}
evt: {"event":"config_resolved","tier":"implicit_default_repo","ts":1785995811321,"version":1,"why":"gm's own shared default config repo at https://github.com/AnEntrypoint/gm-config (no project or user config.source.json configured)"}
evt: {"event":"config_unknown_keys","keys":["browser_witness","claim_audit","code_chunks","code_index","discipline_note","embed","git_commits","instruction_payload","pipeline","rssearch"],"reason":"these top-level keys are not recognised by this build and are being IGNORED -- a typo looks exactly like this. If they come from a newer schema, this is expected and harmless.","tier":"implicit_default_repo","ts":1785995811322}
evt: {"event":"config_resolved","tier":"implicit_default_repo","ts":1785995811322,"version":1,"why":"gm's own shared default config repo at https://github.com/AnEntrypoint/gm-config (no project or user config.source.json configured)"}
evt: {"event":"config_unknown_keys","keys":["browser_witness","claim_audit","code_chunks","code_index","discipline_note","embed","git_commits","instruction_payload","pipeline","rssearch"],"reason":"these top-level keys are not recognised by this build and are being IGNORED -- a typo looks exactly like this. If they come from a newer schema, this is expected and harmless.","tier":"implicit_default_repo","ts":1785995811324}
evt: {"event":"config_resolved","tier":"implicit_default_repo","ts":1785995811324,"version":1,"why":"gm's own shared default config repo at https://github.com/AnEntrypoint/gm-config (no project or user config.source.json configured)"}
evt: {"event":"codeinsight_rebuild","reason":"digest-absent","stored_then_current":"v3:02fb617228e72216:files=21","ts":1785995811354}
evt: {"dim":384,"event":"embed_generation_recorded","key":"b8b6f24106dd526a","model":"BAAI/bge-small-en-v1.5","scope":".gm/.embed-generation.code_chunks","ts":1785995811445}
evt: {"dim":384,"event":"embed_generation_recorded","key":"b8b6f24106dd526a","model":"BAAI/bge-small-en-v1.5","scope":".gm/.embed-generation.memories","ts":1785995811445}
evt: {"did_sync":false,"event":"recall_vector_phase_timing","namespaces":1,"sync_ms":6,"ts":1785995811567}
evt: {"event":"recall_vector_phase_timing","outcome":"ok","search_ms":2,"ts":1785995811569}
evt: {"did_sync":false,"event":"recall_vector_phase_timing","namespaces":1,"sync_ms":5,"ts":1785995811576}
evt: {"event":"recall_vector_phase_timing","outcome":"ok","search_ms":2,"ts":1785995811578}
evt: {"event":"dispatch.end","ms":265,"ts":1785995811579,"verb":"recall"}
evt: {"budget_chunks":2,"chunks_indexed":2,"chunks_total":24,"count_cap":64,"event":"code_index_chunk_cap","path":"README.md","pessimistic_ms_per_chunk":16000,"remaining_ms":44305,"ts":1785995812143}
evt: {"chunks":2,"embed_ms":11038,"event":"code_index_slow_file_embed","path":"README.md","reused_chunks":0,"ts":1785995823181}
evt: {"event":"config_unknown_keys","keys":["browser_witness","claim_audit","code_chunks","code_index","discipline_note","embed","git_commits","instruction_payload","pipeline","rssearch"],"reason":"these top-level keys are not recognised by this build and are being IGNORED -- a typo looks exactly like this. If they come from a newer schema, this is expected and harmless.","tier":"implicit_default_repo","ts":1785995823184}
evt: {"event":"config_resolved","tier":"implicit_default_repo","ts":1785995823184,"version":1,"why":"gm's own shared default config repo at https://github.com/AnEntrypoint/gm-config (no project or user config.source.json configured)"}
evt: {"event":"config_unknown_keys","keys":["browser_witness","claim_audit","code_chunks","code_index","discipline_note","embed","git_commits","instruction_payload","pipeline","rssearch"],"reason":"these top-level keys are not recognised by this build and are being IGNORED -- a typo looks exactly like this. If they come from a newer schema, this is expected and harmless.","tier":"implicit_default_repo","ts":1785995823187}
evt: {"event":"config_resolved","tier":"implicit_default_repo","ts":1785995823187,"version":1,"why":"gm's own shared default config repo at https://github.com/AnEntrypoint/gm-config (no project or user config.source.json configured)"}
evt: {"budget_chunks":2,"chunks_indexed":2,"chunks_total":9,"count_cap":64,"event":"code_index_chunk_cap","path":"src/rest.ts","pessimistic_ms_per_chunk":16000,"remaining_ms":33214,"ts":1785995823234}
evt: {"chunks":2,"embed_ms":11103,"event":"code_index_slow_file_embed","path":"src/rest.ts","reused_chunks":0,"ts":1785995834337}
evt: {"event":"config_unknown_keys","keys":["browser_witness","claim_audit","code_chunks","code_index","discipline_note","embed","git_commits","instruction_payload","pipeline","rssearch"],"reason":"these top-level keys are not recognised by this build and are being IGNORED -- a typo looks exactly like this. If they come from a newer schema, this is expected and harmless.","tier":"implicit_default_repo","ts":1785995834340}
evt: {"event":"config_resolved","tier":"implicit_default_repo","ts":1785995834340,"version":1,"why":"gm's own shared default config repo at https://github.com/AnEntrypoint/gm-config (no project or user config.source.json configured)"}
evt: {"event":"config_unknown_keys","keys":["browser_witness","claim_audit","code_chunks","code_index","discipline_note","embed","git_commits","instruction_payload","pipeline","rssearch"],"reason":"these top-level keys are not recognised by this build and are being IGNORED -- a typo looks exactly like this. If they come from a newer schema, this is expected and harmless.","tier":"implicit_default_repo","ts":1785995834343}
evt: {"event":"config_resolved","tier":"implicit_default_repo","ts":1785995834343,"version":1,"why":"gm's own shared default config repo at https://github.com/AnEntrypoint/gm-config (no project or user config.source.json configured)"}
evt: {"budget_chunks":1,"chunks_indexed":1,"chunks_total":20,"count_cap":64,"event":"code_index_chunk_cap","path":"src/cli.ts","pessimistic_ms_per_chunk":16000,"remaining_ms":21993,"ts":1785995834455}
evt: {"budget_chunks":1,"chunks_indexed":1,"chunks_total":12,"count_cap":64,"event":"code_index_chunk_cap","path":"src/hooks.ts","pessimistic_ms_per_chunk":16000,"remaining_ms":21738,"ts":1785995834710}
evt: {"budget_chunks":1,"chunks_indexed":1,"chunks_total":3,"count_cap":64,"event":"code_index_chunk_cap","path":"src/server.ts","pessimistic_ms_per_chunk":16000,"remaining_ms":20855,"ts":1785995835593}
evt: {"chunks":1,"embed_ms":5432,"event":"code_index_slow_file_embed","path":"src/server.ts","reused_chunks":0,"ts":1785995841026}
evt: {"event":"config_unknown_keys","keys":["browser_witness","claim_audit","code_chunks","code_index","discipline_note","embed","git_commits","instruction_payload","pipeline","rssearch"],"reason":"these top-level keys are not recognised by this build and are being IGNORED -- a typo looks exactly like this. If they come from a newer schema, this is expected and harmless.","tier":"implicit_default_repo","ts":1785995841028}
evt: {"event":"config_resolved","tier":"implicit_default_repo","ts":1785995841029,"version":1,"why":"gm's own shared default config repo at https://github.com/AnEntrypoint/gm-config (no project or user config.source.json configured)"}
evt: {"event":"config_unknown_keys","keys":["browser_witness","claim_audit","code_chunks","code_index","discipline_note","embed","git_commits","instruction_payload","pipeline","rssearch"],"reason":"these top-level keys are not recognised by this build and are being IGNORED -- a typo looks exactly like this. If they come from a newer schema, this is expected and harmless.","tier":"implicit_default_repo","ts":1785995841031}
evt: {"event":"config_resolved","tier":"implicit_default_repo","ts":1785995841031,"version":1,"why":"gm's own shared default config repo at https://github.com/AnEntrypoint/gm-config (no project or user config.source.json configured)"}
evt: {"budget_chunks":1,"chunks_indexed":1,"chunks_total":34,"count_cap":64,"event":"code_index_chunk_cap","path":"src/db.ts","pessimistic_ms_per_chunk":16000,"remaining_ms":15351,"ts":1785995841097}
evt: {"chunks":1,"embed_ms":5418,"event":"code_index_slow_file_embed","path":"src/db.ts","reused_chunks":0,"ts":1785995846515}
evt: {"event":"config_unknown_keys","keys":["browser_witness","claim_audit","code_chunks","code_index","discipline_note","embed","git_commits","instruction_payload","pipeline","rssearch"],"reason":"these top-level keys are not recognised by this build and are being IGNORED -- a typo looks exactly like this. If they come from a newer schema, this is expected and harmless.","tier":"implicit_default_repo","ts":1785995846518}
evt: {"event":"config_resolved","tier":"implicit_default_repo","ts":1785995846518,"version":1,"why":"gm's own shared default config repo at https://github.com/AnEntrypoint/gm-config (no project or user config.source.json configured)"}
evt: {"event":"config_unknown_keys","keys":["browser_witness","claim_audit","code_chunks","code_index","discipline_note","embed","git_commits","instruction_payload","pipeline","rssearch"],"reason":"these top-level keys are not recognised by this build and are being IGNORED -- a typo looks exactly like this. If they come from a newer schema, this is expected and harmless.","tier":"implicit_default_repo","ts":1785995846520}
evt: {"event":"config_resolved","tier":"implicit_default_repo","ts":1785995846520,"version":1,"why":"gm's own shared default config repo at https://github.com/AnEntrypoint/gm-config (no project or user config.source.json configured)"}
evt: {"budget_chunks":1,"chunks_indexed":1,"chunks_total":6,"count_cap":64,"event":"code_index_chunk_cap","path":"src/realtime.ts","pessimistic_ms_per_chunk":16000,"remaining_ms":9901,"ts":1785995846547}
evt: {"budget_chunks":1,"chunks_indexed":1,"chunks_total":83,"count_cap":64,"event":"code_index_chunk_cap","path":"src/sdk.ts","pessimistic_ms_per_chunk":16000,"remaining_ms":9373,"ts":1785995847075}
evt: {"chunks":1,"embed_ms":5434,"event":"code_index_slow_file_embed","path":"src/sdk.ts","reused_chunks":0,"ts":1785995852509}
evt: {"event":"config_unknown_keys","keys":["browser_witness","claim_audit","code_chunks","code_index","discipline_note","embed","git_commits","instruction_payload","pipeline","rssearch"],"reason":"these top-level keys are not recognised by this build and are being IGNORED -- a typo looks exactly like this. If they come from a newer schema, this is expected and harmless.","tier":"implicit_default_repo","ts":1785995852512}
evt: {"event":"config_resolved","tier":"implicit_default_repo","ts":1785995852512,"version":1,"why":"gm's own shared default config repo at https://github.com/AnEntrypoint/gm-config (no project or user config.source.json configured)"}
evt: {"event":"config_unknown_keys","keys":["browser_witness","claim_audit","code_chunks","code_index","discipline_note","embed","git_commits","instruction_payload","pipeline","rssearch"],"reason":"these top-level keys are not recognised by this build and are being IGNORED -- a typo looks exactly like this. If they come from a newer schema, this is expected and harmless.","tier":"implicit_default_repo","ts":1785995852515}
evt: {"event":"config_resolved","tier":"implicit_default_repo","ts":1785995852515,"version":1,"why":"gm's own shared default config repo at https://github.com/AnEntrypoint/gm-config (no project or user config.source.json configured)"}
evt: {"budget_chunks":1,"chunks_indexed":1,"chunks_total":8,"count_cap":64,"event":"code_index_chunk_cap","path":"src/auth.ts","pessimistic_ms_per_chunk":16000,"remaining_ms":3871,"ts":1785995852577}
evt: {"chunks":1,"embed_ms":5438,"event":"code_index_slow_file_embed","path":"src/auth.ts","reused_chunks":0,"ts":1785995858015}
evt: {"event":"config_unknown_keys","keys":["browser_witness","claim_audit","code_chunks","code_index","discipline_note","embed","git_commits","instruction_payload","pipeline","rssearch"],"reason":"these top-level keys are not recognised by this build and are being IGNORED -- a typo looks exactly like this. If they come from a newer schema, this is expected and harmless.","tier":"implicit_default_repo","ts":1785995858018}
evt: {"event":"config_resolved","tier":"implicit_default_repo","ts":1785995858018,"version":1,"why":"gm's own shared default config repo at https://github.com/AnEntrypoint/gm-config (no project or user config.source.json configured)"}
evt: {"event":"config_unknown_keys","keys":["browser_witness","claim_audit","code_chunks","code_index","discipline_note","embed","git_commits","instruction_payload","pipeline","rssearch"],"reason":"these top-level keys are not recognised by this build and are being IGNORED -- a typo looks exactly like this. If they come from a newer schema, this is expected and harmless.","tier":"implicit_default_repo","ts":1785995858021}
evt: {"event":"config_resolved","tier":"implicit_default_repo","ts":1785995858021,"version":1,"why":"gm's own shared default config repo at https://github.com/AnEntrypoint/gm-config (no project or user config.source.json configured)"}
evt: {"event":"code_index_commit_overview_skipped","path":"src/auth.ts","reason":"wall budget already exhausted; the git subprocess is enrichment and is deferred to the next pass","ts":1785995858047}
evt: {"deferred_files":9,"embedded":11,"event":"codeinsight_index_partial","files_indexed":12,"ts":1785995858051}
evt: {"dim":384,"event":"embed_generation_recorded","key":"b8b6f24106dd526a","model":"BAAI/bge-small-en-v1.5","scope":".gm/.embed-generation.rssearch_vectors","ts":1785995858267}
evt: {"did_sync":false,"event":"recall_vector_phase_timing","namespaces":1,"sync_ms":0,"ts":1785995858268}
evt: {"event":"recall_vector_phase_timing","outcome":"ok","search_ms":2,"ts":1785995858270}
evt: {"did_sync":false,"event":"recall_vector_phase_timing","namespaces":1,"sync_ms":0,"ts":1785995858270}
evt: {"event":"recall_vector_phase_timing","outcome":"ok","search_ms":2,"ts":1785995858272}
evt: {"dim":384,"event":"embed_generation_recorded","key":"b8b6f24106dd526a","model":"BAAI/bge-small-en-v1.5","scope":".gm/.embed-generation.code_chunks","ts":1785995858283}
evt: {"dim":384,"event":"embed_generation_recorded","key":"b8b6f24106dd526a","model":"BAAI/bge-small-en-v1.5","scope":".gm/.embed-generation.memories","ts":1785995858283}
evt: {"dim":384,"event":"embed_generation_recorded","key":"b8b6f24106dd526a","model":"BAAI/bge-small-en-v1.5","scope":".gm/.embed-generation.git_commit_vectors","ts":1785995858338}
evt: {"event":"config_unknown_keys","keys":["browser_witness","claim_audit","code_chunks","code_index","discipline_note","embed","git_commits","instruction_payload","pipeline","rssearch"],"reason":"these top-level keys are not recognised by this build and are being IGNORED -- a typo looks exactly like this. If they come from a newer schema, this is expected and harmless.","tier":"implicit_default_repo","ts":1785995977352}
evt: {"event":"config_resolved","tier":"implicit_default_repo","ts":1785995977352,"version":1,"why":"gm's own shared default config repo at https://github.com/AnEntrypoint/gm-config (no project or user config.source.json configured)"}
evt: {"event":"config_unknown_keys","keys":["browser_witness","claim_audit","code_chunks","code_index","discipline_note","embed","git_commits","instruction_payload","pipeline","rssearch"],"reason":"these top-level keys are not recognised by this build and are being IGNORED -- a typo looks exactly like this. If they come from a newer schema, this is expected and harmless.","tier":"implicit_default_repo","ts":1785995977354}
evt: {"event":"config_resolved","tier":"implicit_default_repo","ts":1785995977354,"version":1,"why":"gm's own shared default config repo at https://github.com/AnEntrypoint/gm-config (no project or user config.source.json configured)"}
evt: {"event":"codeinsight_rebuild","reason":"digest-mismatch","stored_then_current":"v3:02fb617228e72216:files=21","ts":1785995977385}
evt: {"dim":384,"event":"embed_generation_recorded","key":"b8b6f24106dd526a","model":"BAAI/bge-small-en-v1.5","scope":".gm/.embed-generation.code_chunks","ts":1785995977424}
evt: {"dim":384,"event":"embed_generation_recorded","key":"b8b6f24106dd526a","model":"BAAI/bge-small-en-v1.5","scope":".gm/.embed-generation.memories","ts":1785995977425}
evt: {"budget_chunks":2,"chunks_indexed":2,"chunks_total":100,"count_cap":64,"event":"code_index_chunk_cap","path":"src/embedded.ts","pessimistic_ms_per_chunk":16000,"remaining_ms":44895,"ts":1785995977538}
evt: {"chunks":2,"embed_ms":11194,"event":"code_index_slow_file_embed","path":"src/embedded.ts","reused_chunks":0,"ts":1785995988733}
evt: {"event":"config_unknown_keys","keys":["browser_witness","claim_audit","code_chunks","code_index","discipline_note","embed","git_commits","instruction_payload","pipeline","rssearch"],"reason":"these top-level keys are not recognised by this build and are being IGNORED -- a typo looks exactly like this. If they come from a newer schema, this is expected and harmless.","tier":"implicit_default_repo","ts":1785995988736}
evt: {"event":"config_resolved","tier":"implicit_default_repo","ts":1785995988736,"version":1,"why":"gm's own shared default config repo at https://github.com/AnEntrypoint/gm-config (no project or user config.source.json configured)"}
evt: {"event":"config_unknown_keys","keys":["browser_witness","claim_audit","code_chunks","code_index","discipline_note","embed","git_commits","instruction_payload","pipeline","rssearch"],"reason":"these top-level keys are not recognised by this build and are being IGNORED -- a typo looks exactly like this. If they come from a newer schema, this is expected and harmless.","tier":"implicit_default_repo","ts":1785995988739}
evt: {"event":"config_resolved","tier":"implicit_default_repo","ts":1785995988739,"version":1,"why":"gm's own shared default config repo at https://github.com/AnEntrypoint/gm-config (no project or user config.source.json configured)"}
evt: {"chunks":2,"embed_ms":11284,"event":"code_index_slow_file_embed","path":"studio/settings.js","reused_chunks":0,"ts":1785996000119}
evt: {"event":"config_unknown_keys","keys":["browser_witness","claim_audit","code_chunks","code_index","discipline_note","embed","git_commits","instruction_payload","pipeline","rssearch"],"reason":"these top-level keys are not recognised by this build and are being IGNORED -- a typo looks exactly like this. If they come from a newer schema, this is expected and harmless.","tier":"implicit_default_repo","ts":1785996000122}
evt: {"event":"config_resolved","tier":"implicit_default_repo","ts":1785996000122,"version":1,"why":"gm's own shared default config repo at https://github.com/AnEntrypoint/gm-config (no project or user config.source.json configured)"}
evt: {"event":"config_unknown_keys","keys":["browser_witness","claim_audit","code_chunks","code_index","discipline_note","embed","git_commits","instruction_payload","pipeline","rssearch"],"reason":"these top-level keys are not recognised by this build and are being IGNORED -- a typo looks exactly like this. If they come from a newer schema, this is expected and harmless.","tier":"implicit_default_repo","ts":1785996000128}
evt: {"event":"config_resolved","tier":"implicit_default_repo","ts":1785996000128,"version":1,"why":"gm's own shared default config repo at https://github.com/AnEntrypoint/gm-config (no project or user config.source.json configured)"}
evt: {"budget_chunks":1,"chunks_indexed":1,"chunks_total":12,"count_cap":64,"event":"code_index_chunk_cap","path":"studio/sql.js","pessimistic_ms_per_chunk":16000,"remaining_ms":22049,"ts":1785996000384}
evt: {"chunks":1,"embed_ms":8036,"event":"code_index_slow_file_embed","path":"studio/sql.js","reused_chunks":0,"ts":1785996008420}
evt: {"event":"config_unknown_keys","keys":["browser_witness","claim_audit","code_chunks","code_index","discipline_note","embed","git_commits","instruction_payload","pipeline","rssearch"],"reason":"these top-level keys are not recognised by this build and are being IGNORED -- a typo looks exactly like this. If they come from a newer schema, this is expected and harmless.","tier":"implicit_default_repo","ts":1785996008423}
evt: {"event":"config_resolved","tier":"implicit_default_repo","ts":1785996008424,"version":1,"why":"gm's own shared default config repo at https://github.com/AnEntrypoint/gm-config (no project or user config.source.json configured)"}
evt: {"event":"config_unknown_keys","keys":["browser_witness","claim_audit","code_chunks","code_index","discipline_note","embed","git_commits","instruction_payload","pipeline","rssearch"],"reason":"these top-level keys are not recognised by this build and are being IGNORED -- a typo looks exactly like this. If they come from a newer schema, this is expected and harmless.","tier":"implicit_default_repo","ts":1785996008426}
evt: {"event":"config_resolved","tier":"implicit_default_repo","ts":1785996008426,"version":1,"why":"gm's own shared default config repo at https://github.com/AnEntrypoint/gm-config (no project or user config.source.json configured)"}
evt: {"budget_chunks":1,"chunks_indexed":1,"chunks_total":7,"count_cap":64,"event":"code_index_chunk_cap","path":"studio/auth.js","pessimistic_ms_per_chunk":16000,"remaining_ms":13970,"ts":1785996008463}
evt: {"chunks":1,"embed_ms":5444,"event":"code_index_slow_file_embed","path":"studio/auth.js","reused_chunks":0,"ts":1785996013907}
evt: {"event":"config_unknown_keys","keys":["browser_witness","claim_audit","code_chunks","code_index","discipline_note","embed","git_commits","instruction_payload","pipeline","rssearch"],"reason":"these top-level keys are not recognised by this build and are being IGNORED -- a typo looks exactly like this. If they come from a newer schema, this is expected and harmless.","tier":"implicit_default_repo","ts":1785996013914}
evt: {"event":"config_resolved","tier":"implicit_default_repo","ts":1785996013914,"version":1,"why":"gm's own shared default config repo at https://github.com/AnEntrypoint/gm-config (no project or user config.source.json configured)"}
evt: {"event":"config_unknown_keys","keys":["browser_witness","claim_audit","code_chunks","code_index","discipline_note","embed","git_commits","instruction_payload","pipeline","rssearch"],"reason":"these top-level keys are not recognised by this build and are being IGNORED -- a typo looks exactly like this. If they come from a newer schema, this is expected and harmless.","tier":"implicit_default_repo","ts":1785996013917}
evt: {"event":"config_resolved","tier":"implicit_default_repo","ts":1785996013917,"version":1,"why":"gm's own shared default config repo at https://github.com/AnEntrypoint/gm-config (no project or user config.source.json configured)"}
evt: {"budget_chunks":1,"chunks_indexed":1,"chunks_total":13,"count_cap":64,"event":"code_index_chunk_cap","path":"studio/realtime.js","pessimistic_ms_per_chunk":16000,"remaining_ms":8456,"ts":1785996013977}
evt: {"chunks":1,"embed_ms":5406,"event":"code_index_slow_file_embed","path":"studio/realtime.js","reused_chunks":0,"ts":1785996019383}
evt: {"event":"config_unknown_keys","keys":["browser_witness","claim_audit","code_chunks","code_index","discipline_note","embed","git_commits","instruction_payload","pipeline","rssearch"],"reason":"these top-level keys are not recognised by this build and are being IGNORED -- a typo looks exactly like this. If they come from a newer schema, this is expected and harmless.","tier":"implicit_default_repo","ts":1785996019386}
evt: {"event":"config_resolved","tier":"implicit_default_repo","ts":1785996019386,"version":1,"why":"gm's own shared default config repo at https://github.com/AnEntrypoint/gm-config (no project or user config.source.json configured)"}
evt: {"event":"config_unknown_keys","keys":["browser_witness","claim_audit","code_chunks","code_index","discipline_note","embed","git_commits","instruction_payload","pipeline","rssearch"],"reason":"these top-level keys are not recognised by this build and are being IGNORED -- a typo looks exactly like this. If they come from a newer schema, this is expected and harmless.","tier":"implicit_default_repo","ts":1785996019389}
evt: {"event":"config_resolved","tier":"implicit_default_repo","ts":1785996019389,"version":1,"why":"gm's own shared default config repo at https://github.com/AnEntrypoint/gm-config (no project or user config.source.json configured)"}
evt: {"budget_chunks":1,"chunks_indexed":1,"chunks_total":26,"count_cap":64,"event":"code_index_chunk_cap","path":"studio/tables.js","pessimistic_ms_per_chunk":16000,"remaining_ms":2955,"ts":1785996019478}
evt: {"chunks":1,"embed_ms":5390,"event":"code_index_slow_file_embed","path":"studio/tables.js","reused_chunks":0,"ts":1785996024869}
evt: {"event":"config_unknown_keys","keys":["browser_witness","claim_audit","code_chunks","code_index","discipline_note","embed","git_commits","instruction_payload","pipeline","rssearch"],"reason":"these top-level keys are not recognised by this build and are being IGNORED -- a typo looks exactly like this. If they come from a newer schema, this is expected and harmless.","tier":"implicit_default_repo","ts":1785996024872}
evt: {"event":"config_resolved","tier":"implicit_default_repo","ts":1785996024872,"version":1,"why":"gm's own shared default config repo at https://github.com/AnEntrypoint/gm-config (no project or user config.source.json configured)"}
evt: {"event":"config_unknown_keys","keys":["browser_witness","claim_audit","code_chunks","code_index","discipline_note","embed","git_commits","instruction_payload","pipeline","rssearch"],"reason":"these top-level keys are not recognised by this build and are being IGNORED -- a typo looks exactly like this. If they come from a newer schema, this is expected and harmless.","tier":"implicit_default_repo","ts":1785996024875}
evt: {"event":"config_resolved","tier":"implicit_default_repo","ts":1785996024875,"version":1,"why":"gm's own shared default config repo at https://github.com/AnEntrypoint/gm-config (no project or user config.source.json configured)"}
evt: {"event":"code_index_commit_overview_skipped","path":"studio/tables.js","reason":"wall budget already exhausted; the git subprocess is enrichment and is deferred to the next pass","ts":1785996024904}
evt: {"deferred_files":1,"embedded":8,"event":"codeinsight_index_partial","files_indexed":20,"ts":1785996024908}
evt: {"dim":384,"event":"embed_generation_recorded","key":"b8b6f24106dd526a","model":"BAAI/bge-small-en-v1.5","scope":".gm/.embed-generation.rssearch_vectors","ts":1785996025172}
evt: {"did_sync":false,"event":"recall_vector_phase_timing","namespaces":1,"sync_ms":0,"ts":1785996025172}
evt: {"event":"recall_vector_phase_timing","outcome":"ok","search_ms":6,"ts":1785996025178}
evt: {"did_sync":false,"event":"recall_vector_phase_timing","namespaces":1,"sync_ms":0,"ts":1785996025178}
evt: {"event":"recall_vector_phase_timing","outcome":"ok","search_ms":3,"ts":1785996025181}
evt: {"dim":384,"event":"embed_generation_recorded","key":"b8b6f24106dd526a","model":"BAAI/bge-small-en-v1.5","scope":".gm/.embed-generation.code_chunks","ts":1785996025200}
evt: {"dim":384,"event":"embed_generation_recorded","key":"b8b6f24106dd526a","model":"BAAI/bge-small-en-v1.5","scope":".gm/.embed-generation.memories","ts":1785996025200}
evt: {"dim":384,"event":"embed_generation_recorded","key":"b8b6f24106dd526a","model":"BAAI/bge-small-en-v1.5","scope":".gm/.embed-generation.git_commit_vectors","ts":1785996025239}
evt: {"deferred":29,"embedded":8,"event":"git_commit_vectors_synced","skipped":0,"ts":1785996131024,"window":37}
evt: {"event":"config_unknown_keys","keys":["browser_witness","claim_audit","code_chunks","code_index","discipline_note","embed","git_commits","instruction_payload","pipeline","rssearch"],"reason":"these top-level keys are not recognised by this build and are being IGNORED -- a typo looks exactly like this. If they come from a newer schema, this is expected and harmless.","tier":"implicit_default_repo","ts":1785996131027}
evt: {"event":"config_resolved","tier":"implicit_default_repo","ts":1785996131027,"version":1,"why":"gm's own shared default config repo at https://github.com/AnEntrypoint/gm-config (no project or user config.source.json configured)"}
evt: {"event":"config_unknown_keys","keys":["browser_witness","claim_audit","code_chunks","code_index","discipline_note","embed","git_commits","instruction_payload","pipeline","rssearch"],"reason":"these top-level keys are not recognised by this build and are being IGNORED -- a typo looks exactly like this. If they come from a newer schema, this is expected and harmless.","tier":"implicit_default_repo","ts":1785996131731}
evt: {"event":"config_resolved","tier":"implicit_default_repo","ts":1785996131731,"version":1,"why":"gm's own shared default config repo at https://github.com/AnEntrypoint/gm-config (no project or user config.source.json configured)"}
evt: {"event":"dispatch.end","ms":320424,"ts":1785996131739,"verb":"codesearch"}
evt: {"deferred":23,"embedded":8,"event":"git_commit_vectors_synced","skipped":0,"ts":1785996414095,"window":37}
evt: {"event":"config_unknown_keys","keys":["browser_witness","claim_audit","code_chunks","code_index","discipline_note","embed","git_commits","instruction_payload","pipeline","rssearch"],"reason":"these top-level keys are not recognised by this build and are being IGNORED -- a typo looks exactly like this. If they come from a newer schema, this is expected and harmless.","tier":"implicit_default_repo","ts":1785996414099}
evt: {"event":"config_resolved","tier":"implicit_default_repo","ts":1785996414099,"version":1,"why":"gm's own shared default config repo at https://github.com/AnEntrypoint/gm-config (no project or user config.source.json configured)"}
evt: {"event":"config_unknown_keys","keys":["browser_witness","claim_audit","code_chunks","code_index","discipline_note","embed","git_commits","instruction_payload","pipeline","rssearch"],"reason":"these top-level keys are not recognised by this build and are being IGNORED -- a typo looks exactly like this. If they come from a newer schema, this is expected and harmless.","tier":"implicit_default_repo","ts":1785996414102}
evt: {"event":"config_resolved","tier":"implicit_default_repo","ts":1785996414102,"version":1,"why":"gm's own shared default config repo at https://github.com/AnEntrypoint/gm-config (no project or user config.source.json configured)"}
evt: {"event":"dispatch.end","ms":436775,"ts":1785996414116,"verb":"codesearch"}
evt: {"event":"config_unknown_keys","keys":["browser_witness","claim_audit","code_chunks","code_index","discipline_note","embed","git_commits","instruction_payload","pipeline","rssearch"],"reason":"these top-level keys are not recognised by this build and are being IGNORED -- a typo looks exactly like this. If they come from a newer schema, this is expected and harmless.","tier":"implicit_default_repo","ts":1785996466559}
evt: {"event":"config_unknown_keys","keys":["browser_witness","claim_audit","code_chunks","code_index","discipline_note","embed","git_commits","instruction_payload","pipeline","rssearch"],"reason":"these top-level keys are not recognised by this build and are being IGNORED -- a typo looks exactly like this. If they come from a newer schema, this is expected and harmless.","tier":"implicit_default_repo","ts":1785996466559}evt: 
{"event":"config_resolved","tier":"implicit_default_repo","ts":1785996466559,"version":1,"why":"gm's own shared default config repo at https://github.com/AnEntrypoint/gm-config (no project or user config.source.json configured)"}
evt: {"event":"config_resolved","tier":"implicit_default_repo","ts":1785996466559,"version":1,"why":"gm's own shared default config repo at https://github.com/AnEntrypoint/gm-config (no project or user config.source.json configured)"}
evt: {"event":"config_unknown_keys","keys":["browser_witness","claim_audit","code_chunks","code_index","discipline_note","embed","git_commits","instruction_payload","pipeline","rssearch"],"reason":"these top-level keys are not recognised by this build and are being IGNORED -- a typo looks exactly like this. If they come from a newer schema, this is expected and harmless.","tier":"implicit_default_repo","ts":1785996466564}
evt: {"event":"config_resolved","tier":"implicit_default_repo","ts":1785996466564,"version":1,"why":"gm's own shared default config repo at https://github.com/AnEntrypoint/gm-config (no project or user config.source.json configured)"}
evt: {"event":"config_unknown_keys","keys":["browser_witness","claim_audit","code_chunks","code_index","discipline_note","embed","git_commits","instruction_payload","pipeline","rssearch"],"reason":"these top-level keys are not recognised by this build and are being IGNORED -- a typo looks exactly like this. If they come from a newer schema, this is expected and harmless.","tier":"implicit_default_repo","ts":1785996466566}
evt: {"event":"config_resolved","tier":"implicit_default_repo","ts":1785996466566,"version":1,"why":"gm's own shared default config repo at https://github.com/AnEntrypoint/gm-config (no project or user config.source.json configured)"}
evt: {"event":"config_unknown_keys","keys":["browser_witness","claim_audit","code_chunks","code_index","discipline_note","embed","git_commits","instruction_payload","pipeline","rssearch"],"reason":"these top-level keys are not recognised by this build and are being IGNORED -- a typo looks exactly like this. If they come from a newer schema, this is expected and harmless.","tier":"implicit_default_repo","ts":1785996466655}
evt: {"event":"config_resolved","tier":"implicit_default_repo","ts":1785996466655,"version":1,"why":"gm's own shared default config repo at https://github.com/AnEntrypoint/gm-config (no project or user config.source.json configured)"}
evt: {"event":"config_unknown_keys","keys":["browser_witness","claim_audit","code_chunks","code_index","discipline_note","embed","git_commits","instruction_payload","pipeline","rssearch"],"reason":"these top-level keys are not recognised by this build and are being IGNORED -- a typo looks exactly like this. If they come from a newer schema, this is expected and harmless.","tier":"implicit_default_repo","ts":1785996466665}
evt: {"event":"config_resolved","tier":"implicit_default_repo","ts":1785996466665,"version":1,"why":"gm's own shared default config repo at https://github.com/AnEntrypoint/gm-config (no project or user config.source.json configured)"}
evt: {"event":"prd.added","id":"email-enumeration-signup-recover","rescoped":false,"ts":1785996466682}
evt: {"event":"dispatch.end","ms":131,"ts":1785996466682,"verb":"prd-add"}
evt: {"event":"prd.added","id":"auth-token-timing-attack","rescoped":false,"ts":1785996466681}
evt: {"event":"dispatch.end","ms":131,"ts":1785996466684,"verb":"prd-add"}
evt: {"event":"config_unknown_keys","keys":["browser_witness","claim_audit","code_chunks","code_index","discipline_note","embed","git_commits","instruction_payload","pipeline","rssearch"],"reason":"these top-level keys are not recognised by this build and are being IGNORED -- a typo looks exactly like this. If they come from a newer schema, this is expected and harmless.","tier":"implicit_default_repo","ts":1785996466687}
evt: {"event":"config_resolved","tier":"implicit_default_repo","ts":1785996466687,"version":1,"why":"gm's own shared default config repo at https://github.com/AnEntrypoint/gm-config (no project or user config.source.json configured)"}
evt: {"event":"prd.added","id":"smtp-fixed-timeout-race","rescoped":false,"ts":1785996466691}
evt: {"event":"dispatch.end","ms":139,"ts":1785996466691,"verb":"prd-add"}
evt: {"event":"prd.added","id":"hooks-file-dynamic-import-no-validation","rescoped":false,"ts":1785996466706}
evt: {"event":"dispatch.end","ms":2,"ts":1785996466706,"verb":"prd-add"}
evt: {"event":"prd.added","id":"unbounded-getallrows-memory","rescoped":false,"ts":1785996466707}
evt: {"event":"dispatch.end","ms":3,"ts":1785996466707,"verb":"prd-add"}
evt: {"event":"prd.added","id":"studio-no-auth-gate","rescoped":false,"ts":1785996466710}
evt: {"event":"dispatch.end","ms":5,"ts":1785996466710,"verb":"prd-add"}
evt: {"event":"prd.added","id":"mktbl-ensurecols-race","rescoped":false,"ts":1785996466735}
evt: {"event":"dispatch.end","ms":2,"ts":1785996466735,"verb":"prd-add"}
evt: {"event":"prd.added","id":"cors-wildcard-with-credentials-risk","rescoped":false,"ts":1785996466737}
evt: {"event":"dispatch.end","ms":6,"ts":1785996466737,"verb":"prd-add"}
evt: {"event":"prd.added","id":"session-token-plaintext-storage","rescoped":false,"ts":1785996466737}
evt: {"event":"dispatch.end","ms":2,"ts":1785996466737,"verb":"prd-add"}
evt: {"event":"prd.added","id":"password-reset-token-memory-only","rescoped":false,"ts":1785996466764}
evt: {"event":"dispatch.end","ms":2,"ts":1785996466764,"verb":"prd-add"}
evt: {"event":"prd.added","id":"smtp-plaintext-credentials-no-tls","rescoped":false,"ts":1785996466775}
evt: {"event":"dispatch.end","ms":10,"ts":1785996466775,"verb":"prd-add"}
evt: {"event":"config_unknown_keys","keys":["browser_witness","claim_audit","code_chunks","code_index","discipline_note","embed","git_commits","instruction_payload","pipeline","rssearch"],"reason":"these top-level keys are not recognised by this build and are being IGNORED -- a typo looks exactly like this. If they come from a newer schema, this is expected and harmless.","tier":"implicit_default_repo","ts":1785996467312}
evt: {"event":"config_resolved","tier":"implicit_default_repo","ts":1785996467312,"version":1,"why":"gm's own shared default config repo at https://github.com/AnEntrypoint/gm-config (no project or user config.source.json configured)"}
evt: {"event":"prd.added","id":"no-rate-limit-auth-endpoints","rescoped":false,"ts":1785996467318}
evt: {"event":"dispatch.end","ms":766,"ts":1785996467318,"verb":"prd-add"}
evt: evt: {"event":"config_unknown_keys","keys":["browser_witness","claim_audit","code_chunks","code_index","discipline_note","embed","git_commits","instruction_payload","pipeline","rssearch"],"reason":"these top-level keys are not recognised by this build and are being IGNORED -- a typo looks exactly like this. If they come from a newer schema, this is expected and harmless.","tier":"implicit_default_repo","ts":1785996496269}{"event":"config_unknown_keys","keys":["browser_witness","claim_audit","code_chunks","code_index","discipline_note","embed","git_commits","instruction_payload","pipeline","rssearch"],"reason":"these top-level keys are not recognised by this build and are being IGNORED -- a typo looks exactly like this. If they come from a newer schema, this is expected and harmless.","tier":"implicit_default_repo","ts":1785996496269}

evt: evt: {"event":"config_resolved","tier":"implicit_default_repo","ts":1785996496269,"version":1,"why":"gm's own shared default config repo at https://github.com/AnEntrypoint/gm-config (no project or user config.source.json configured)"}{"event":"config_resolved","tier":"implicit_default_repo","ts":1785996496269,"version":1,"why":"gm's own shared default config repo at https://github.com/AnEntrypoint/gm-config (no project or user config.source.json configured)"}

evt: {"event":"config_unknown_keys","keys":["browser_witness","claim_audit","code_chunks","code_index","discipline_note","embed","git_commits","instruction_payload","pipeline","rssearch"],"reason":"these top-level keys are not recognised by this build and are being IGNORED -- a typo looks exactly like this. If they come from a newer schema, this is expected and harmless.","tier":"implicit_default_repo","ts":1785996496269}
evt: {"event":"config_resolved","tier":"implicit_default_repo","ts":1785996496269,"version":1,"why":"gm's own shared default config repo at https://github.com/AnEntrypoint/gm-config (no project or user config.source.json configured)"}
evt: {"event":"config_unknown_keys","keys":["browser_witness","claim_audit","code_chunks","code_index","discipline_note","embed","git_commits","instruction_payload","pipeline","rssearch"],"reason":"these top-level keys are not recognised by this build and are being IGNORED -- a typo looks exactly like this. If they come from a newer schema, this is expected and harmless.","tier":"implicit_default_repo","ts":1785996496270}
evt: {"event":"config_resolved","tier":"implicit_default_repo","ts":1785996496270,"version":1,"why":"gm's own shared default config repo at https://github.com/AnEntrypoint/gm-config (no project or user config.source.json configured)"}
evt: {"event":"config_unknown_keys","keys":["browser_witness","claim_audit","code_chunks","code_index","discipline_note","embed","git_commits","instruction_payload","pipeline","rssearch"],"reason":"these top-level keys are not recognised by this build and are being IGNORED -- a typo looks exactly like this. If they come from a newer schema, this is expected and harmless.","tier":"implicit_default_repo","ts":1785996496272}
evt: {"event":"config_resolved","tier":"implicit_default_repo","ts":1785996496272,"version":1,"why":"gm's own shared default config repo at https://github.com/AnEntrypoint/gm-config (no project or user config.source.json configured)"}
evt: {"event":"config_unknown_keys","keys":["browser_witness","claim_audit","code_chunks","code_index","discipline_note","embed","git_commits","instruction_payload","pipeline","rssearch"],"reason":"these top-level keys are not recognised by this build and are being IGNORED -- a typo looks exactly like this. If they come from a newer schema, this is expected and harmless.","tier":"implicit_default_repo","ts":1785996496272}
evt: {"event":"config_resolved","tier":"implicit_default_repo","ts":1785996496272,"version":1,"why":"gm's own shared default config repo at https://github.com/AnEntrypoint/gm-config (no project or user config.source.json configured)"}
evt: {"event":"config_unknown_keys","keys":["browser_witness","claim_audit","code_chunks","code_index","discipline_note","embed","git_commits","instruction_payload","pipeline","rssearch"],"reason":"these top-level keys are not recognised by this build and are being IGNORED -- a typo looks exactly like this. If they come from a newer schema, this is expected and harmless.","tier":"implicit_default_repo","ts":1785996496274}
evt: {"event":"config_resolved","tier":"implicit_default_repo","ts":1785996496274,"version":1,"why":"gm's own shared default config repo at https://github.com/AnEntrypoint/gm-config (no project or user config.source.json configured)"}
evt: {"event":"prd.added","id":"no-rate-limit-auth-endpoints","rescoped":true,"ts":1785996496274}
evt: {"event":"dispatch.end","ms":8,"ts":1785996496274,"verb":"prd-add"}
evt: {"event":"prd.added","id":"websocket-subscribe-no-authz-check","rescoped":false,"ts":1785996496276}
evt: {"event":"dispatch.end","ms":10,"ts":1785996496276,"verb":"prd-add"}
evt: {"event":"config_unknown_keys","keys":["browser_witness","claim_audit","code_chunks","code_index","discipline_note","embed","git_commits","instruction_payload","pipeline","rssearch"],"reason":"these top-level keys are not recognised by this build and are being IGNORED -- a typo looks exactly like this. If they come from a newer schema, this is expected and harmless.","tier":"implicit_default_repo","ts":1785996496276}
evt: {"event":"config_resolved","tier":"implicit_default_repo","ts":1785996496276,"version":1,"why":"gm's own shared default config repo at https://github.com/AnEntrypoint/gm-config (no project or user config.source.json configured)"}
evt: {"event":"prd.added","id":"password-reset-token-memory-only","rescoped":true,"ts":1785996496277}
evt: {"event":"dispatch.end","ms":11,"ts":1785996496277,"verb":"prd-add"}
evt: {"event":"prd.added","id":"cli-and-embedded-review","rescoped":false,"ts":1785996496282}
evt: {"event":"dispatch.end","ms":17,"ts":1785996496283,"verb":"prd-add"}
evt: {"event":"prd.added","id":"studio-js-xss-review","rescoped":false,"ts":1785996496294}
evt: {"event":"dispatch.end","ms":3,"ts":1785996496294,"verb":"prd-add"}
evt: {"event":"prd.added","id":"auth-token-timing-attack","rescoped":false,"ts":1785996496296}
evt: {"event":"dispatch.end","ms":5,"ts":1785996496296,"verb":"prd-add"}
evt: {"event":"prd.added","id":"no-column-name-validation-on-select-order","rescoped":false,"ts":1785996496297}
evt: {"event":"dispatch.end","ms":6,"ts":1785996496297,"verb":"prd-add"}
evt: {"event":"prd.added","id":"smtp-plaintext-credentials-no-tls","rescoped":false,"ts":1785996496298}
evt: {"event":"dispatch.end","ms":7,"ts":1785996496298,"verb":"prd-add"}
evt: {"event":"prd.added","id":"email-enumeration-signup-recover","rescoped":false,"ts":1785996496319}
evt: {"event":"dispatch.end","ms":2,"ts":1785996496319,"verb":"prd-add"}
evt: {"event":"prd.added","id":"hook-error-tostring-info-leak","rescoped":false,"ts":1785996496320}
evt: {"event":"dispatch.end","ms":3,"ts":1785996496320,"verb":"prd-add"}
evt: {"event":"prd.added","id":"session-token-plaintext-storage","rescoped":false,"ts":1785996496322}
evt: {"event":"dispatch.end","ms":5,"ts":1785996496322,"verb":"prd-add"}
evt: {"event":"prd.added","id":"cors-wildcard-with-credentials-risk","rescoped":false,"ts":1785996496324}
evt: {"event":"dispatch.end","ms":7,"ts":1785996496324,"verb":"prd-add"}
evt: {"event":"prd.added","id":"put-patch-array-body-first-element-only","rescoped":false,"ts":1785996496344}
evt: {"event":"dispatch.end","ms":2,"ts":1785996496344,"verb":"prd-add"}
evt: {"event":"prd.added","id":"broadcast-large-payload-no-backpressure","rescoped":false,"ts":1785996496346}
evt: {"event":"dispatch.end","ms":4,"ts":1785996496346,"verb":"prd-add"}
evt: {"event":"prd.added","id":"mktbl-ensurecols-race","rescoped":false,"ts":1785996496348}
evt: {"event":"dispatch.end","ms":6,"ts":1785996496348,"verb":"prd-add"}
evt: {"event":"prd.added","id":"hooks-file-dynamic-import-no-validation","rescoped":false,"ts":1785996496350}
evt: {"event":"dispatch.end","ms":8,"ts":1785996496350,"verb":"prd-add"}
evt: {"event":"prd.added","id":"smtp-fixed-timeout-race","rescoped":false,"ts":1785996496372}
evt: {"event":"dispatch.end","ms":2,"ts":1785996496372,"verb":"prd-add"}
evt: {"event":"prd.added","id":"studio-no-auth-gate","rescoped":false,"ts":1785996496373}
evt: {"event":"dispatch.end","ms":3,"ts":1785996496373,"verb":"prd-add"}
evt: {"event":"prd.added","id":"unbounded-getallrows-memory","rescoped":false,"ts":1785996496376}
evt: {"event":"dispatch.end","ms":6,"ts":1785996496376,"verb":"prd-add"}
evt: evt: {"event":"config_unknown_keys","keys":["browser_witness","claim_audit","code_chunks","code_index","discipline_note","embed","git_commits","instruction_payload","pipeline","rssearch"],"reason":"these top-level keys are not recognised by this build and are being IGNORED -- a typo looks exactly like this. If they come from a newer schema, this is expected and harmless.","tier":"implicit_default_repo","ts":1785996548987}{"event":"config_unknown_keys","keys":["browser_witness","claim_audit","code_chunks","code_index","discipline_note","embed","git_commits","instruction_payload","pipeline","rssearch"],"reason":"these top-level keys are not recognised by this build and are being IGNORED -- a typo looks exactly like this. If they come from a newer schema, this is expected and harmless.","tier":"implicit_default_repo","ts":1785996548987}

evt: evt: {"event":"config_resolved","tier":"implicit_default_repo","ts":1785996548987,"version":1,"why":"gm's own shared default config repo at https://github.com/AnEntrypoint/gm-config (no project or user config.source.json configured)"}{"event":"config_resolved","tier":"implicit_default_repo","ts":1785996548987,"version":1,"why":"gm's own shared default config repo at https://github.com/AnEntrypoint/gm-config (no project or user config.source.json configured)"}

evt: {"event":"config_unknown_keys","keys":["browser_witness","claim_audit","code_chunks","code_index","discipline_note","embed","git_commits","instruction_payload","pipeline","rssearch"],"reason":"these top-level keys are not recognised by this build and are being IGNORED -- a typo looks exactly like this. If they come from a newer schema, this is expected and harmless.","tier":"implicit_default_repo","ts":1785996548988}
evt: {"event":"config_resolved","tier":"implicit_default_repo","ts":1785996548988,"version":1,"why":"gm's own shared default config repo at https://github.com/AnEntrypoint/gm-config (no project or user config.source.json configured)"}
evt: {"event":"config_unknown_keys","keys":["browser_witness","claim_audit","code_chunks","code_index","discipline_note","embed","git_commits","instruction_payload","pipeline","rssearch"],"reason":"these top-level keys are not recognised by this build and are being IGNORED -- a typo looks exactly like this. If they come from a newer schema, this is expected and harmless.","tier":"implicit_default_repo","ts":1785996548990}
evt: {"event":"config_resolved","tier":"implicit_default_repo","ts":1785996548990,"version":1,"why":"gm's own shared default config repo at https://github.com/AnEntrypoint/gm-config (no project or user config.source.json configured)"}
evt: {"event":"config_unknown_keys","keys":["browser_witness","claim_audit","code_chunks","code_index","discipline_note","embed","git_commits","instruction_payload","pipeline","rssearch"],"reason":"these top-level keys are not recognised by this build and are being IGNORED -- a typo looks exactly like this. If they come from a newer schema, this is expected and harmless.","tier":"implicit_default_repo","ts":1785996548991}
evt: {"event":"config_unknown_keys","keys":["browser_witness","claim_audit","code_chunks","code_index","discipline_note","embed","git_commits","instruction_payload","pipeline","rssearch"],"reason":"these top-level keys are not recognised by this build and are being IGNORED -- a typo looks exactly like this. If they come from a newer schema, this is expected and harmless.","tier":"implicit_default_repo","ts":1785996548991}
evt: {"event":"config_resolved","tier":"implicit_default_repo","ts":1785996548991,"version":1,"why":"gm's own shared default config repo at https://github.com/AnEntrypoint/gm-config (no project or user config.source.json configured)"}
evt: {"event":"config_resolved","tier":"implicit_default_repo","ts":1785996548991,"version":1,"why":"gm's own shared default config repo at https://github.com/AnEntrypoint/gm-config (no project or user config.source.json configured)"}
evt: {"event":"prd.added","id":"embedded-sweepexpired-duplicate-inline","rescoped":false,"ts":1785996548993}
evt: {"event":"dispatch.end","ms":9,"ts":1785996548993,"verb":"prd-add"}
evt: {"event":"config_unknown_keys","keys":["browser_witness","claim_audit","code_chunks","code_index","discipline_note","embed","git_commits","instruction_payload","pipeline","rssearch"],"reason":"these top-level keys are not recognised by this build and are being IGNORED -- a typo looks exactly like this. If they come from a newer schema, this is expected and harmless.","tier":"implicit_default_repo","ts":1785996548994}
evt: {"event":"config_resolved","tier":"implicit_default_repo","ts":1785996548994,"version":1,"why":"gm's own shared default config repo at https://github.com/AnEntrypoint/gm-config (no project or user config.source.json configured)"}
evt: {"event":"config_unknown_keys","keys":["browser_witness","claim_audit","code_chunks","code_index","discipline_note","embed","git_commits","instruction_payload","pipeline","rssearch"],"reason":"these top-level keys are not recognised by this build and are being IGNORED -- a typo looks exactly like this. If they come from a newer schema, this is expected and harmless.","tier":"implicit_default_repo","ts":1785996548995}
evt: {"event":"config_resolved","tier":"implicit_default_repo","ts":1785996548995,"version":1,"why":"gm's own shared default config repo at https://github.com/AnEntrypoint/gm-config (no project or user config.source.json configured)"}
evt: {"event":"prd.added","id":"cli-serve-no-graceful-shutdown","rescoped":false,"ts":1785996548997}
evt: {"event":"dispatch.end","ms":14,"ts":1785996548997,"verb":"prd-add"}
evt: {"event":"prd.added","id":"studio-js-xss-review","rescoped":false,"ts":1785996548998}
evt: {"event":"dispatch.end","ms":15,"ts":1785996548998,"verb":"prd-add"}
evt: {"event":"prd.added","id":"embedded-keypair-auth-stubbed-broken","rescoped":false,"ts":1785996549002}
evt: {"event":"dispatch.end","ms":18,"ts":1785996549002,"verb":"prd-add"}
evt: {"event":"prd.added","id":"embedded-missing-canaccess-on-insert-update-delete","rescoped":false,"ts":1785996549012}
evt: {"event":"dispatch.end","ms":3,"ts":1785996549012,"verb":"prd-add"}
evt: {"event":"prd.added","id":"studio-add-row-no-type-coercion-feedback","rescoped":false,"ts":1785996549015}
evt: {"event":"dispatch.end","ms":6,"ts":1785996549015,"verb":"prd-add"}
evt: {"event":"prd.added","id":"embedded-duplicates-core-logic","rescoped":false,"ts":1785996549016}
evt: {"event":"dispatch.end","ms":7,"ts":1785996549016,"verb":"prd-add"}
evt: {"event":"config_unknown_keys","keys":["browser_witness","claim_audit","code_chunks","code_index","discipline_note","embed","git_commits","instruction_payload","pipeline","rssearch"],"reason":"these top-level keys are not recognised by this build and are being IGNORED -- a typo looks exactly like this. If they come from a newer schema, this is expected and harmless.","tier":"implicit_default_repo","ts":1785996559527}
evt: {"event":"config_resolved","tier":"implicit_default_repo","ts":1785996559527,"version":1,"why":"gm's own shared default config repo at https://github.com/AnEntrypoint/gm-config (no project or user config.source.json configured)"}
evt: {"event":"config_unknown_keys","keys":["browser_witness","claim_audit","code_chunks","code_index","discipline_note","embed","git_commits","instruction_payload","pipeline","rssearch"],"reason":"these top-level keys are not recognised by this build and are being IGNORED -- a typo looks exactly like this. If they come from a newer schema, this is expected and harmless.","tier":"implicit_default_repo","ts":1785996559530}
evt: {"event":"config_resolved","tier":"implicit_default_repo","ts":1785996559530,"version":1,"why":"gm's own shared default config repo at https://github.com/AnEntrypoint/gm-config (no project or user config.source.json configured)"}
evt: {"event":"embed.query_spill_hit","query_len":20,"ts":1785996559558}
evt: {"did_sync":false,"event":"recall_vector_phase_timing","namespaces":1,"sync_ms":5,"ts":1785996559564}
evt: {"event":"recall_vector_phase_timing","outcome":"ok","search_ms":2,"ts":1785996559565}
evt: {"did_sync":false,"event":"recall_vector_phase_timing","namespaces":1,"sync_ms":5,"ts":1785996559572}
evt: {"event":"recall_vector_phase_timing","outcome":"ok","search_ms":3,"ts":1785996559575}
evt: {"event":"recall","hit":false,"mode":"kv_query","n_hits":0,"namespace":"default","query":"perfect project","sub":"memory","ts":1785996559576}
evt: {"event":"instruction.served","mutables_pending_count":0,"phase":"SPECIFY","prd_pending_count":21,"ts":1785996559595}
evt: {"event":"dispatch.end","ms":72,"ts":1785996559595,"verb":"instruction"}
evt: {"event":"config_unknown_keys","keys":["browser_witness","claim_audit","code_chunks","code_index","discipline_note","embed","git_commits","instruction_payload","pipeline","rssearch"],"reason":"these top-level keys are not recognised by this build and are being IGNORED -- a typo looks exactly like this. If they come from a newer schema, this is expected and harmless.","tier":"implicit_default_repo","ts":1785996568182}
evt: {"event":"config_resolved","tier":"implicit_default_repo","ts":1785996568183,"version":1,"why":"gm's own shared default config repo at https://github.com/AnEntrypoint/gm-config (no project or user config.source.json configured)"}
evt: {"event":"config_unknown_keys","keys":["browser_witness","claim_audit","code_chunks","code_index","discipline_note","embed","git_commits","instruction_payload","pipeline","rssearch"],"reason":"these top-level keys are not recognised by this build and are being IGNORED -- a typo looks exactly like this. If they come from a newer schema, this is expected and harmless.","tier":"implicit_default_repo","ts":1785996568185}
evt: {"event":"config_resolved","tier":"implicit_default_repo","ts":1785996568185,"version":1,"why":"gm's own shared default config repo at https://github.com/AnEntrypoint/gm-config (no project or user config.source.json configured)"}
evt: {"event":"phase.transitioned","from":"SPECIFY","phase":"PROVE","ts":1785996568189}
evt: {"did_sync":false,"event":"recall_vector_phase_timing","namespaces":1,"sync_ms":14,"ts":1785996568423}
evt: {"event":"recall_vector_phase_timing","outcome":"ok","search_ms":2,"ts":1785996568425}
evt: {"did_sync":false,"event":"recall_vector_phase_timing","namespaces":1,"sync_ms":7,"ts":1785996568433}
evt: {"event":"recall_vector_phase_timing","outcome":"ok","search_ms":2,"ts":1785996568435}
evt: {"event":"recall","hit":false,"mode":"kv_query","n_hits":0,"namespace":"default","query":"PROVE Constant-time token session lookup","sub":"memory","ts":1785996568435}
evt: {"event":"dispatch.end","ms":255,"ts":1785996568435,"verb":"transition"}
evt: {"event":"config_unknown_keys","keys":["browser_witness","claim_audit","code_chunks","code_index","discipline_note","embed","git_commits","instruction_payload","pipeline","rssearch"],"reason":"these top-level keys are not recognised by this build and are being IGNORED -- a typo looks exactly like this. If they come from a newer schema, this is expected and harmless.","tier":"implicit_default_repo","ts":1785996576145}
evt: {"event":"config_resolved","tier":"implicit_default_repo","ts":1785996576145,"version":1,"why":"gm's own shared default config repo at https://github.com/AnEntrypoint/gm-config (no project or user config.source.json configured)"}
evt: {"event":"config_unknown_keys","keys":["browser_witness","claim_audit","code_chunks","code_index","discipline_note","embed","git_commits","instruction_payload","pipeline","rssearch"],"reason":"these top-level keys are not recognised by this build and are being IGNORED -- a typo looks exactly like this. If they come from a newer schema, this is expected and harmless.","tier":"implicit_default_repo","ts":1785996576147}
evt: {"event":"config_resolved","tier":"implicit_default_repo","ts":1785996576147,"version":1,"why":"gm's own shared default config repo at https://github.com/AnEntrypoint/gm-config (no project or user config.source.json configured)"}
evt: {"event":"phase.transitioned","from":"PROVE","phase":"EMIT","ts":1785996576151}
evt: {"did_sync":false,"event":"recall_vector_phase_timing","namespaces":1,"sync_ms":6,"ts":1785996576375}
evt: {"event":"recall_vector_phase_timing","outcome":"ok","search_ms":2,"ts":1785996576377}
evt: {"did_sync":false,"event":"recall_vector_phase_timing","namespaces":1,"sync_ms":7,"ts":1785996576387}
evt: {"event":"recall_vector_phase_timing","outcome":"ok","search_ms":2,"ts":1785996576389}
evt: {"event":"recall","hit":false,"mode":"kv_query","n_hits":0,"namespace":"default","query":"EMIT Constant-time token session lookup","sub":"memory","ts":1785996576390}
evt: {"event":"dispatch.end","ms":248,"ts":1785996576390,"verb":"transition"}
evt: {"event":"config_unknown_keys","keys":["browser_witness","claim_audit","code_chunks","code_index","discipline_note","embed","git_commits","instruction_payload","pipeline","rssearch"],"reason":"these top-level keys are not recognised by this build and are being IGNORED -- a typo looks exactly like this. If they come from a newer schema, this is expected and harmless.","tier":"implicit_default_repo","ts":1785997050089}
evt: {"event":"config_resolved","tier":"implicit_default_repo","ts":1785997050090,"version":1,"why":"gm's own shared default config repo at https://github.com/AnEntrypoint/gm-config (no project or user config.source.json configured)"}
evt: {"event":"config_unknown_keys","keys":["browser_witness","claim_audit","code_chunks","code_index","discipline_note","embed","git_commits","instruction_payload","pipeline","rssearch"],"reason":"these top-level keys are not recognised by this build and are being IGNORED -- a typo looks exactly like this. If they come from a newer schema, this is expected and harmless.","tier":"implicit_default_repo","ts":1785997050797}
evt: {"event":"config_resolved","tier":"implicit_default_repo","ts":1785997050797,"version":1,"why":"gm's own shared default config repo at https://github.com/AnEntrypoint/gm-config (no project or user config.source.json configured)"}
evt: {"detail":"verb=browser gap_ms=474410","event":"deviation.long-gap-no-instruction","kind":"long-gap-no-instruction","severity":"deny","source":"rs-plugkit/gates","sub":"hook","ts":1785997050801}
evt: {"event":"config_unknown_keys","keys":["browser_witness","claim_audit","code_chunks","code_index","discipline_note","embed","git_commits","instruction_payload","pipeline","rssearch"],"reason":"these top-level keys are not recognised by this build and are being IGNORED -- a typo looks exactly like this. If they come from a newer schema, this is expected and harmless.","tier":"implicit_default_repo","ts":1785997058136}
evt: {"event":"config_resolved","tier":"implicit_default_repo","ts":1785997058136,"version":1,"why":"gm's own shared default config repo at https://github.com/AnEntrypoint/gm-config (no project or user config.source.json configured)"}
evt: {"event":"config_unknown_keys","keys":["browser_witness","claim_audit","code_chunks","code_index","discipline_note","embed","git_commits","instruction_payload","pipeline","rssearch"],"reason":"these top-level keys are not recognised by this build and are being IGNORED -- a typo looks exactly like this. If they come from a newer schema, this is expected and harmless.","tier":"implicit_default_repo","ts":1785997058139}
evt: {"event":"config_resolved","tier":"implicit_default_repo","ts":1785997058139,"version":1,"why":"gm's own shared default config repo at https://github.com/AnEntrypoint/gm-config (no project or user config.source.json configured)"}
evt: {"event":"embed.query_cache_hit","query_len":20,"ts":1785997058183}
evt: {"did_sync":false,"event":"recall_vector_phase_timing","namespaces":1,"sync_ms":17,"ts":1785997058200}
evt: {"event":"recall_vector_phase_timing","outcome":"ok","search_ms":2,"ts":1785997058202}
evt: {"did_sync":false,"event":"recall_vector_phase_timing","namespaces":1,"sync_ms":7,"ts":1785997058212}
evt: {"event":"recall_vector_phase_timing","outcome":"ok","search_ms":2,"ts":1785997058214}
evt: {"event":"recall","hit":false,"mode":"kv_query","n_hits":0,"namespace":"default","query":"perfect project","sub":"memory","ts":1785997058214}
evt: {"event":"instruction.served","mutables_pending_count":0,"phase":"EMIT","prd_pending_count":21,"ts":1785997058239}
evt: {"event":"dispatch.end","ms":106,"ts":1785997058239,"verb":"instruction"}
evt: {"event":"config_unknown_keys","keys":["browser_witness","claim_audit","code_chunks","code_index","discipline_note","embed","git_commits","instruction_payload","pipeline","rssearch"],"reason":"these top-level keys are not recognised by this build and are being IGNORED -- a typo looks exactly like this. If they come from a newer schema, this is expected and harmless.","tier":"implicit_default_repo","ts":1785997068164}
evt: {"event":"config_resolved","tier":"implicit_default_repo","ts":1785997068164,"version":1,"why":"gm's own shared default config repo at https://github.com/AnEntrypoint/gm-config (no project or user config.source.json configured)"}
evt: {"event":"config_unknown_keys","keys":["browser_witness","claim_audit","code_chunks","code_index","discipline_note","embed","git_commits","instruction_payload","pipeline","rssearch"],"reason":"these top-level keys are not recognised by this build and are being IGNORED -- a typo looks exactly like this. If they come from a newer schema, this is expected and harmless.","tier":"implicit_default_repo","ts":1785997068166}
evt: {"event":"config_resolved","tier":"implicit_default_repo","ts":1785997068167,"version":1,"why":"gm's own shared default config repo at https://github.com/AnEntrypoint/gm-config (no project or user config.source.json configured)"}
evt: {"event":"dispatch.end","ms":33061,"ts":1785997101220,"verb":"browser"}
evt: {"event":"config_unknown_keys","keys":["browser_witness","claim_audit","code_chunks","code_index","discipline_note","embed","git_commits","instruction_payload","pipeline","rssearch"],"reason":"these top-level keys are not recognised by this build and are being IGNORED -- a typo looks exactly like this. If they come from a newer schema, this is expected and harmless.","tier":"implicit_default_repo","ts":1785997130775}
evt: {"event":"config_resolved","tier":"implicit_default_repo","ts":1785997130775,"version":1,"why":"gm's own shared default config repo at https://github.com/AnEntrypoint/gm-config (no project or user config.source.json configured)"}
evt: {"event":"config_unknown_keys","keys":["browser_witness","claim_audit","code_chunks","code_index","discipline_note","embed","git_commits","instruction_payload","pipeline","rssearch"],"reason":"these top-level keys are not recognised by this build and are being IGNORED -- a typo looks exactly like this. If they come from a newer schema, this is expected and harmless.","tier":"implicit_default_repo","ts":1785997130777}
evt: {"event":"config_resolved","tier":"implicit_default_repo","ts":1785997130777,"version":1,"why":"gm's own shared default config repo at https://github.com/AnEntrypoint/gm-config (no project or user config.source.json configured)"}
evt: {"event":"dispatch.end","ms":1342,"ts":1785997132114,"verb":"browser"}
evt: {"event":"config_unknown_keys","keys":["browser_witness","claim_audit","code_chunks","code_index","discipline_note","embed","git_commits","instruction_payload","pipeline","rssearch"],"reason":"these top-level keys are not recognised by this build and are being IGNORED -- a typo looks exactly like this. If they come from a newer schema, this is expected and harmless.","tier":"implicit_default_repo","ts":1785997138157}
evt: {"event":"config_resolved","tier":"implicit_default_repo","ts":1785997138157,"version":1,"why":"gm's own shared default config repo at https://github.com/AnEntrypoint/gm-config (no project or user config.source.json configured)"}
evt: {"event":"config_unknown_keys","keys":["browser_witness","claim_audit","code_chunks","code_index","discipline_note","embed","git_commits","instruction_payload","pipeline","rssearch"],"reason":"these top-level keys are not recognised by this build and are being IGNORED -- a typo looks exactly like this. If they come from a newer schema, this is expected and harmless.","tier":"implicit_default_repo","ts":1785997138160}
evt: {"event":"config_resolved","tier":"implicit_default_repo","ts":1785997138160,"version":1,"why":"gm's own shared default config repo at https://github.com/AnEntrypoint/gm-config (no project or user config.source.json configured)"}
evt: {"event":"dispatch.end","ms":1375,"ts":1785997139529,"verb":"browser"}
evt: {"event":"config_unknown_keys","keys":["browser_witness","claim_audit","code_chunks","code_index","discipline_note","embed","git_commits","instruction_payload","pipeline","rssearch"],"reason":"these top-level keys are not recognised by this build and are being IGNORED -- a typo looks exactly like this. If they come from a newer schema, this is expected and harmless.","tier":"implicit_default_repo","ts":1785997151917}
evt: {"event":"config_resolved","tier":"implicit_default_repo","ts":1785997151917,"version":1,"why":"gm's own shared default config repo at https://github.com/AnEntrypoint/gm-config (no project or user config.source.json configured)"}
evt: {"event":"config_unknown_keys","keys":["browser_witness","claim_audit","code_chunks","code_index","discipline_note","embed","git_commits","instruction_payload","pipeline","rssearch"],"reason":"these top-level keys are not recognised by this build and are being IGNORED -- a typo looks exactly like this. If they come from a newer schema, this is expected and harmless.","tier":"implicit_default_repo","ts":1785997151920}
evt: {"event":"config_resolved","tier":"implicit_default_repo","ts":1785997151920,"version":1,"why":"gm's own shared default config repo at https://github.com/AnEntrypoint/gm-config (no project or user config.source.json configured)"}
evt: {"event":"dispatch.end","ms":1335,"ts":1785997153249,"verb":"browser"}
evt: {"event":"config_unknown_keys","keys":["browser_witness","claim_audit","code_chunks","code_index","discipline_note","embed","git_commits","instruction_payload","pipeline","rssearch"],"reason":"these top-level keys are not recognised by this build and are being IGNORED -- a typo looks exactly like this. If they come from a newer schema, this is expected and harmless.","tier":"implicit_default_repo","ts":1785997161785}
evt: {"event":"config_resolved","tier":"implicit_default_repo","ts":1785997161785,"version":1,"why":"gm's own shared default config repo at https://github.com/AnEntrypoint/gm-config (no project or user config.source.json configured)"}
evt: {"event":"config_unknown_keys","keys":["browser_witness","claim_audit","code_chunks","code_index","discipline_note","embed","git_commits","instruction_payload","pipeline","rssearch"],"reason":"these top-level keys are not recognised by this build and are being IGNORED -- a typo looks exactly like this. If they come from a newer schema, this is expected and harmless.","tier":"implicit_default_repo","ts":1785997161788}
evt: {"event":"config_resolved","tier":"implicit_default_repo","ts":1785997161788,"version":1,"why":"gm's own shared default config repo at https://github.com/AnEntrypoint/gm-config (no project or user config.source.json configured)"}
evt: {"event":"dispatch.end","ms":2165,"ts":1785997163947,"verb":"browser"}
evt: {"event":"config_unknown_keys","keys":["browser_witness","claim_audit","code_chunks","code_index","discipline_note","embed","git_commits","instruction_payload","pipeline","rssearch"],"reason":"these top-level keys are not recognised by this build and are being IGNORED -- a typo looks exactly like this. If they come from a newer schema, this is expected and harmless.","tier":"implicit_default_repo","ts":1785997186580}
evt: {"event":"config_resolved","tier":"implicit_default_repo","ts":1785997186580,"version":1,"why":"gm's own shared default config repo at https://github.com/AnEntrypoint/gm-config (no project or user config.source.json configured)"}
evt: {"event":"config_unknown_keys","keys":["browser_witness","claim_audit","code_chunks","code_index","discipline_note","embed","git_commits","instruction_payload","pipeline","rssearch"],"reason":"these top-level keys are not recognised by this build and are being IGNORED -- a typo looks exactly like this. If they come from a newer schema, this is expected and harmless.","tier":"implicit_default_repo","ts":1785997186583}
evt: {"event":"config_resolved","tier":"implicit_default_repo","ts":1785997186583,"version":1,"why":"gm's own shared default config repo at https://github.com/AnEntrypoint/gm-config (no project or user config.source.json configured)"}
evt: {"event":"config_unknown_keys","keys":["browser_witness","claim_audit","code_chunks","code_index","discipline_note","embed","git_commits","instruction_payload","pipeline","rssearch"],"reason":"these top-level keys are not recognised by this build and are being IGNORED -- a typo looks exactly like this. If they come from a newer schema, this is expected and harmless.","tier":"implicit_default_repo","ts":1785997186585}
evt: {"event":"config_resolved","tier":"implicit_default_repo","ts":1785997186585,"version":1,"why":"gm's own shared default config repo at https://github.com/AnEntrypoint/gm-config (no project or user config.source.json configured)"}
evt: evt: {"event":"config_unknown_keys","keys":["browser_witness","claim_audit","code_chunks","code_index","discipline_note","embed","git_commits","instruction_payload","pipeline","rssearch"],"reason":"these top-level keys are not recognised by this build and are being IGNORED -- a typo looks exactly like this. If they come from a newer schema, this is expected and harmless.","tier":"implicit_default_repo","ts":1785997186587}{"event":"config_unknown_keys","keys":["browser_witness","claim_audit","code_chunks","code_index","discipline_note","embed","git_commits","instruction_payload","pipeline","rssearch"],"reason":"these top-level keys are not recognised by this build and are being IGNORED -- a typo looks exactly like this. If they come from a newer schema, this is expected and harmless.","tier":"implicit_default_repo","ts":1785997186587}

evt: {"event":"config_resolved","tier":"implicit_default_repo","ts":1785997186587,"version":1,"why":"gm's own shared default config repo at https://github.com/AnEntrypoint/gm-config (no project or user config.source.json configured)"}evt: 
{"event":"config_resolved","tier":"implicit_default_repo","ts":1785997186587,"version":1,"why":"gm's own shared default config repo at https://github.com/AnEntrypoint/gm-config (no project or user config.source.json configured)"}
evt: {"event":"config_unknown_keys","keys":["browser_witness","claim_audit","code_chunks","code_index","discipline_note","embed","git_commits","instruction_payload","pipeline","rssearch"],"reason":"these top-level keys are not recognised by this build and are being IGNORED -- a typo looks exactly like this. If they come from a newer schema, this is expected and harmless.","tier":"implicit_default_repo","ts":1785997186590}
evt: {"event":"config_unknown_keys","keys":["browser_witness","claim_audit","code_chunks","code_index","discipline_note","embed","git_commits","instruction_payload","pipeline","rssearch"],"reason":"these top-level keys are not recognised by this build and are being IGNORED -- a typo looks exactly like this. If they come from a newer schema, this is expected and harmless.","tier":"implicit_default_repo","ts":1785997186590}
evt: {"event":"config_resolved","tier":"implicit_default_repo","ts":1785997186590,"version":1,"why":"gm's own shared default config repo at https://github.com/AnEntrypoint/gm-config (no project or user config.source.json configured)"}
evt: {"event":"config_resolved","tier":"implicit_default_repo","ts":1785997186590,"version":1,"why":"gm's own shared default config repo at https://github.com/AnEntrypoint/gm-config (no project or user config.source.json configured)"}
evt: {"event":"prd.resolved","id":"put-patch-array-body-first-element-only","ts":1785997186593}
evt: {"event":"dispatch.end","ms":17,"ts":1785997186593,"verb":"prd-resolve"}
evt: {"event":"config_unknown_keys","keys":["browser_witness","claim_audit","code_chunks","code_index","discipline_note","embed","git_commits","instruction_payload","pipeline","rssearch"],"reason":"these top-level keys are not recognised by this build and are being IGNORED -- a typo looks exactly like this. If they come from a newer schema, this is expected and harmless.","tier":"implicit_default_repo","ts":1785997186594}
evt: {"event":"config_resolved","tier":"implicit_default_repo","ts":1785997186594,"version":1,"why":"gm's own shared default config repo at https://github.com/AnEntrypoint/gm-config (no project or user config.source.json configured)"}
evt: {"event":"prd.resolved","id":"cors-wildcard-with-credentials-risk","ts":1785997186601}
evt: {"event":"dispatch.end","ms":25,"ts":1785997186601,"verb":"prd-resolve"}
evt: {"event":"prd.resolved","id":"mktbl-ensurecols-race","ts":1785997186608}
evt: {"event":"dispatch.end","ms":32,"ts":1785997186608,"verb":"prd-resolve"}
evt: {"event":"dispatch.end","ms":3,"ts":1785997186608,"verb":"prd-resolve"}
evt: {"event":"prd.resolved","id":"email-enumeration-signup-recover","ts":1785997186612}
evt: {"event":"dispatch.end","ms":36,"ts":1785997186612,"verb":"prd-resolve"}
evt: {"event":"prd.resolved","id":"hook-error-tostring-info-leak","ts":1785997186614}
evt: {"event":"dispatch.end","ms":12,"ts":1785997186614,"verb":"prd-resolve"}
evt: {"event":"dispatch.end","ms":5,"ts":1785997186632,"verb":"prd-resolve"}
evt: {"event":"prd.resolved","id":"auth-token-timing-attack","ts":1785997186633}
evt: {"event":"dispatch.end","ms":6,"ts":1785997186633,"verb":"prd-resolve"}
evt: {"event":"prd.resolved","id":"studio-no-auth-gate","ts":1785997186635}
evt: {"event":"dispatch.end","ms":8,"ts":1785997186635,"verb":"prd-resolve"}
evt: {"event":"prd.resolved","id":"no-column-name-validation-on-select-order","ts":1785997186640}
evt: {"event":"dispatch.end","ms":13,"ts":1785997186640,"verb":"prd-resolve"}
evt: {"event":"prd.resolved","id":"session-token-plaintext-storage","ts":1785997186657}
evt: {"event":"dispatch.end","ms":5,"ts":1785997186658,"verb":"prd-resolve"}
evt: {"event":"prd.resolved","id":"smtp-fixed-timeout-race","ts":1785997186660}
evt: {"event":"dispatch.end","ms":7,"ts":1785997186660,"verb":"prd-resolve"}
evt: {"event":"dispatch.end","ms":7,"ts":1785997186660,"verb":"prd-resolve"}
evt: {"event":"prd.resolved","id":"broadcast-large-payload-no-backpressure","ts":1785997186664}
evt: {"event":"dispatch.end","ms":11,"ts":1785997186664,"verb":"prd-resolve"}
evt: {"event":"prd.resolved","id":"cli-serve-no-graceful-shutdown","ts":1785997186685}
evt: {"event":"dispatch.end","ms":5,"ts":1785997186685,"verb":"prd-resolve"}
evt: {"event":"prd.resolved","id":"smtp-plaintext-credentials-no-tls","ts":1785997186688}
evt: {"event":"dispatch.end","ms":8,"ts":1785997186688,"verb":"prd-resolve"}
evt: {"event":"prd.resolved","id":"studio-js-xss-review","ts":1785997186691}
evt: {"event":"dispatch.end","ms":8,"ts":1785997186691,"verb":"prd-resolve"}
evt: {"event":"config_unknown_keys","keys":["browser_witness","claim_audit","code_chunks","code_index","discipline_note","embed","git_commits","instruction_payload","pipeline","rssearch"],"reason":"these top-level keys are not recognised by this build and are being IGNORED -- a typo looks exactly like this. If they come from a newer schema, this is expected and harmless.","tier":"implicit_default_repo","ts":1785997201765}
evt: {"event":"config_resolved","tier":"implicit_default_repo","ts":1785997201765,"version":1,"why":"gm's own shared default config repo at https://github.com/AnEntrypoint/gm-config (no project or user config.source.json configured)"}
evt: {"event":"config_unknown_keys","keys":["browser_witness","claim_audit","code_chunks","code_index","discipline_note","embed","git_commits","instruction_payload","pipeline","rssearch"],"reason":"these top-level keys are not recognised by this build and are being IGNORED -- a typo looks exactly like this. If they come from a newer schema, this is expected and harmless.","tier":"implicit_default_repo","ts":1785997201768}
evt: {"event":"config_resolved","tier":"implicit_default_repo","ts":1785997201768,"version":1,"why":"gm's own shared default config repo at https://github.com/AnEntrypoint/gm-config (no project or user config.source.json configured)"}
evt: {"event":"embed.query_spill_hit","query_len":20,"ts":1785997201800}
evt: {"did_sync":false,"event":"recall_vector_phase_timing","namespaces":1,"sync_ms":17,"ts":1785997201817}
evt: {"event":"recall_vector_phase_timing","outcome":"ok","search_ms":7,"ts":1785997201824}
evt: {"did_sync":false,"event":"recall_vector_phase_timing","namespaces":1,"sync_ms":9,"ts":1785997201838}
evt: {"event":"recall_vector_phase_timing","outcome":"ok","search_ms":2,"ts":1785997201840}
evt: {"event":"recall","hit":false,"mode":"kv_query","n_hits":0,"namespace":"default","query":"perfect project","sub":"memory","ts":1785997201840}
evt: {"event":"instruction.served","mutables_pending_count":0,"phase":"EMIT","prd_pending_count":7,"ts":1785997201863}
evt: {"event":"dispatch.end","ms":101,"ts":1785997201863,"verb":"instruction"}
evt: {"event":"config_unknown_keys","keys":["browser_witness","claim_audit","code_chunks","code_index","discipline_note","embed","git_commits","instruction_payload","pipeline","rssearch"],"reason":"these top-level keys are not recognised by this build and are being IGNORED -- a typo looks exactly like this. If they come from a newer schema, this is expected and harmless.","tier":"implicit_default_repo","ts":1785997209550}
evt: {"event":"config_resolved","tier":"implicit_default_repo","ts":1785997209550,"version":1,"why":"gm's own shared default config repo at https://github.com/AnEntrypoint/gm-config (no project or user config.source.json configured)"}
evt: {"event":"config_unknown_keys","keys":["browser_witness","claim_audit","code_chunks","code_index","discipline_note","embed","git_commits","instruction_payload","pipeline","rssearch"],"reason":"these top-level keys are not recognised by this build and are being IGNORED -- a typo looks exactly like this. If they come from a newer schema, this is expected and harmless.","tier":"implicit_default_repo","ts":1785997209553}
evt: {"event":"config_resolved","tier":"implicit_default_repo","ts":1785997209553,"version":1,"why":"gm's own shared default config repo at https://github.com/AnEntrypoint/gm-config (no project or user config.source.json configured)"}
evt: {"event":"prd.resolved","id":"unbounded-getallrows-memory","ts":1785997209558}
evt: {"event":"dispatch.end","ms":11,"ts":1785997209558,"verb":"prd-resolve"}
evt: {"event":"config_unknown_keys","keys":["browser_witness","claim_audit","code_chunks","code_index","discipline_note","embed","git_commits","instruction_payload","pipeline","rssearch"],"reason":"these top-level keys are not recognised by this build and are being IGNORED -- a typo looks exactly like this. If they come from a newer schema, this is expected and harmless.","tier":"implicit_default_repo","ts":1785997230679}
evt: {"event":"config_resolved","tier":"implicit_default_repo","ts":1785997230679,"version":1,"why":"gm's own shared default config repo at https://github.com/AnEntrypoint/gm-config (no project or user config.source.json configured)"}
evt: {"event":"config_unknown_keys","keys":["browser_witness","claim_audit","code_chunks","code_index","discipline_note","embed","git_commits","instruction_payload","pipeline","rssearch"],"reason":"these top-level keys are not recognised by this build and are being IGNORED -- a typo looks exactly like this. If they come from a newer schema, this is expected and harmless.","tier":"implicit_default_repo","ts":1785997230681}
evt: {"event":"config_resolved","tier":"implicit_default_repo","ts":1785997230681,"version":1,"why":"gm's own shared default config repo at https://github.com/AnEntrypoint/gm-config (no project or user config.source.json configured)"}
evt: {"event":"prd.resolved","id":"hooks-file-dynamic-import-no-validation","ts":1785997230686}
evt: {"event":"dispatch.end","ms":11,"ts":1785997230686,"verb":"prd-resolve"}
evt: {"event":"config_unknown_keys","keys":["browser_witness","claim_audit","code_chunks","code_index","discipline_note","embed","git_commits","instruction_payload","pipeline","rssearch"],"reason":"these top-level keys are not recognised by this build and are being IGNORED -- a typo looks exactly like this. If they come from a newer schema, this is expected and harmless.","tier":"implicit_default_repo","ts":1785997594439}
evt: {"event":"config_resolved","tier":"implicit_default_repo","ts":1785997594440,"version":1,"why":"gm's own shared default config repo at https://github.com/AnEntrypoint/gm-config (no project or user config.source.json configured)"}
evt: {"event":"config_unknown_keys","keys":["browser_witness","claim_audit","code_chunks","code_index","discipline_note","embed","git_commits","instruction_payload","pipeline","rssearch"],"reason":"these top-level keys are not recognised by this build and are being IGNORED -- a typo looks exactly like this. If they come from a newer schema, this is expected and harmless.","tier":"implicit_default_repo","ts":1785997594439}
evt: {"event":"config_resolved","tier":"implicit_default_repo","ts":1785997594440,"version":1,"why":"gm's own shared default config repo at https://github.com/AnEntrypoint/gm-config (no project or user config.source.json configured)"}
evt: {"event":"config_unknown_keys","keys":["browser_witness","claim_audit","code_chunks","code_index","discipline_note","embed","git_commits","instruction_payload","pipeline","rssearch"],"reason":"these top-level keys are not recognised by this build and are being IGNORED -- a typo looks exactly like this. If they come from a newer schema, this is expected and harmless.","tier":"implicit_default_repo","ts":1785997594442}
evt: {"event":"config_resolved","tier":"implicit_default_repo","ts":1785997594442,"version":1,"why":"gm's own shared default config repo at https://github.com/AnEntrypoint/gm-config (no project or user config.source.json configured)"}
evt: {"event":"config_unknown_keys","keys":["browser_witness","claim_audit","code_chunks","code_index","discipline_note","embed","git_commits","instruction_payload","pipeline","rssearch"],"reason":"these top-level keys are not recognised by this build and are being IGNORED -- a typo looks exactly like this. If they come from a newer schema, this is expected and harmless.","tier":"implicit_default_repo","ts":1785997594442}
evt: {"event":"config_resolved","tier":"implicit_default_repo","ts":1785997594442,"version":1,"why":"gm's own shared default config repo at https://github.com/AnEntrypoint/gm-config (no project or user config.source.json configured)"}
evt: {"event":"config_unknown_keys","keys":["browser_witness","claim_audit","code_chunks","code_index","discipline_note","embed","git_commits","instruction_payload","pipeline","rssearch"],"reason":"these top-level keys are not recognised by this build and are being IGNORED -- a typo looks exactly like this. If they come from a newer schema, this is expected and harmless.","tier":"implicit_default_repo","ts":1785997594480}
evt: {"event":"config_resolved","tier":"implicit_default_repo","ts":1785997594481,"version":1,"why":"gm's own shared default config repo at https://github.com/AnEntrypoint/gm-config (no project or user config.source.json configured)"}
evt: {"event":"config_unknown_keys","keys":["browser_witness","claim_audit","code_chunks","code_index","discipline_note","embed","git_commits","instruction_payload","pipeline","rssearch"],"reason":"these top-level keys are not recognised by this build and are being IGNORED -- a typo looks exactly like this. If they come from a newer schema, this is expected and harmless.","tier":"implicit_default_repo","ts":1785997594487}
evt: {"event":"config_resolved","tier":"implicit_default_repo","ts":1785997594487,"version":1,"why":"gm's own shared default config repo at https://github.com/AnEntrypoint/gm-config (no project or user config.source.json configured)"}
evt: {"event":"prd.resolved","id":"embedded-duplicates-core-logic","ts":1785997594488}
evt: {"event":"dispatch.end","ms":53,"ts":1785997594488,"verb":"prd-resolve"}
evt: {"event":"config_unknown_keys","keys":["browser_witness","claim_audit","code_chunks","code_index","discipline_note","embed","git_commits","instruction_payload","pipeline","rssearch"],"reason":"these top-level keys are not recognised by this build and are being IGNORED -- a typo looks exactly like this. If they come from a newer schema, this is expected and harmless.","tier":"implicit_default_repo","ts":1785997594489}
evt: {"event":"config_resolved","tier":"implicit_default_repo","ts":1785997594489,"version":1,"why":"gm's own shared default config repo at https://github.com/AnEntrypoint/gm-config (no project or user config.source.json configured)"}
evt: {"event":"prd.resolved","id":"embedded-missing-canaccess-on-insert-update-delete","ts":1785997594496}
evt: {"event":"dispatch.end","ms":61,"ts":1785997594496,"verb":"prd-resolve"}
evt: {"event":"prd.resolved","id":"embedded-sweepexpired-duplicate-inline","ts":1785997594499}
evt: {"event":"dispatch.end","ms":64,"ts":1785997594499,"verb":"prd-resolve"}
evt: {"event":"config_unknown_keys","keys":["browser_witness","claim_audit","code_chunks","code_index","discipline_note","embed","git_commits","instruction_payload","pipeline","rssearch"],"reason":"these top-level keys are not recognised by this build and are being IGNORED -- a typo looks exactly like this. If they come from a newer schema, this is expected and harmless.","tier":"implicit_default_repo","ts":1785997595173}
evt: {"event":"config_resolved","tier":"implicit_default_repo","ts":1785997595173,"version":1,"why":"gm's own shared default config repo at https://github.com/AnEntrypoint/gm-config (no project or user config.source.json configured)"}
evt: {"event":"prd.resolved","id":"embedded-keypair-auth-stubbed-broken","ts":1785997595179}
evt: {"event":"dispatch.end","ms":745,"ts":1785997595180,"verb":"prd-resolve"}
evt: {"event":"config_unknown_keys","keys":["browser_witness","claim_audit","code_chunks","code_index","discipline_note","embed","git_commits","instruction_payload","pipeline","rssearch"],"reason":"these top-level keys are not recognised by this build and are being IGNORED -- a typo looks exactly like this. If they come from a newer schema, this is expected and harmless.","tier":"implicit_default_repo","ts":1785997647345}
evt: {"event":"config_resolved","tier":"implicit_default_repo","ts":1785997647345,"version":1,"why":"gm's own shared default config repo at https://github.com/AnEntrypoint/gm-config (no project or user config.source.json configured)"}
evt: {"event":"config_unknown_keys","keys":["browser_witness","claim_audit","code_chunks","code_index","discipline_note","embed","git_commits","instruction_payload","pipeline","rssearch"],"reason":"these top-level keys are not recognised by this build and are being IGNORED -- a typo looks exactly like this. If they come from a newer schema, this is expected and harmless.","tier":"implicit_default_repo","ts":1785997647349}
evt: {"event":"config_resolved","tier":"implicit_default_repo","ts":1785997647349,"version":1,"why":"gm's own shared default config repo at https://github.com/AnEntrypoint/gm-config (no project or user config.source.json configured)"}
evt: {"event":"dispatch.end","ms":2493,"ts":1785997649832,"verb":"browser"}
evt: {"event":"config_unknown_keys","keys":["browser_witness","claim_audit","code_chunks","code_index","discipline_note","embed","git_commits","instruction_payload","pipeline","rssearch"],"reason":"these top-level keys are not recognised by this build and are being IGNORED -- a typo looks exactly like this. If they come from a newer schema, this is expected and harmless.","tier":"implicit_default_repo","ts":1785997665943}
evt: {"event":"config_resolved","tier":"implicit_default_repo","ts":1785997665943,"version":1,"why":"gm's own shared default config repo at https://github.com/AnEntrypoint/gm-config (no project or user config.source.json configured)"}
evt: {"event":"config_unknown_keys","keys":["browser_witness","claim_audit","code_chunks","code_index","discipline_note","embed","git_commits","instruction_payload","pipeline","rssearch"],"reason":"these top-level keys are not recognised by this build and are being IGNORED -- a typo looks exactly like this. If they come from a newer schema, this is expected and harmless.","tier":"implicit_default_repo","ts":1785997665946}
evt: {"event":"config_resolved","tier":"implicit_default_repo","ts":1785997665946,"version":1,"why":"gm's own shared default config repo at https://github.com/AnEntrypoint/gm-config (no project or user config.source.json configured)"}
evt: {"event":"dispatch.end","ms":2567,"ts":1785997668504,"verb":"browser"}
evt: {"event":"config_unknown_keys","keys":["browser_witness","claim_audit","code_chunks","code_index","discipline_note","embed","git_commits","instruction_payload","pipeline","rssearch"],"reason":"these top-level keys are not recognised by this build and are being IGNORED -- a typo looks exactly like this. If they come from a newer schema, this is expected and harmless.","tier":"implicit_default_repo","ts":1785997679137}
evt: {"event":"config_resolved","tier":"implicit_default_repo","ts":1785997679137,"version":1,"why":"gm's own shared default config repo at https://github.com/AnEntrypoint/gm-config (no project or user config.source.json configured)"}
evt: {"event":"config_unknown_keys","keys":["browser_witness","claim_audit","code_chunks","code_index","discipline_note","embed","git_commits","instruction_payload","pipeline","rssearch"],"reason":"these top-level keys are not recognised by this build and are being IGNORED -- a typo looks exactly like this. If they come from a newer schema, this is expected and harmless.","tier":"implicit_default_repo","ts":1785997679140}
evt: {"event":"config_resolved","tier":"implicit_default_repo","ts":1785997679140,"version":1,"why":"gm's own shared default config repo at https://github.com/AnEntrypoint/gm-config (no project or user config.source.json configured)"}
evt: {"event":"prd.resolved","id":"studio-add-row-no-type-coercion-feedback","ts":1785997679147}
evt: {"event":"dispatch.end","ms":15,"ts":1785997679147,"verb":"prd-resolve"}
evt: {"event":"config_unknown_keys","keys":["browser_witness","claim_audit","code_chunks","code_index","discipline_note","embed","git_commits","instruction_payload","pipeline","rssearch"],"reason":"these top-level keys are not recognised by this build and are being IGNORED -- a typo looks exactly like this. If they come from a newer schema, this is expected and harmless.","tier":"implicit_default_repo","ts":1785997687746}
evt: {"event":"config_resolved","tier":"implicit_default_repo","ts":1785997687746,"version":1,"why":"gm's own shared default config repo at https://github.com/AnEntrypoint/gm-config (no project or user config.source.json configured)"}
evt: {"event":"config_unknown_keys","keys":["browser_witness","claim_audit","code_chunks","code_index","discipline_note","embed","git_commits","instruction_payload","pipeline","rssearch"],"reason":"these top-level keys are not recognised by this build and are being IGNORED -- a typo looks exactly like this. If they come from a newer schema, this is expected and harmless.","tier":"implicit_default_repo","ts":1785997687749}
evt: {"event":"config_resolved","tier":"implicit_default_repo","ts":1785997687749,"version":1,"why":"gm's own shared default config repo at https://github.com/AnEntrypoint/gm-config (no project or user config.source.json configured)"}
evt: {"event":"embed.query_cache_hit","query_len":20,"ts":1785997687782}
evt: {"did_sync":false,"event":"recall_vector_phase_timing","namespaces":1,"sync_ms":7,"ts":1785997687789}
evt: {"event":"recall_vector_phase_timing","outcome":"ok","search_ms":2,"ts":1785997687791}
evt: {"did_sync":false,"event":"recall_vector_phase_timing","namespaces":1,"sync_ms":7,"ts":1785997687800}
evt: {"event":"recall_vector_phase_timing","outcome":"ok","search_ms":2,"ts":1785997687802}
evt: {"event":"recall","hit":false,"mode":"kv_query","n_hits":0,"namespace":"default","query":"perfect project","sub":"memory","ts":1785997687802}
evt: {"event":"instruction.served","mutables_pending_count":0,"phase":"EMIT","prd_pending_count":0,"ts":1785997687834}
evt: {"event":"dispatch.end","ms":91,"ts":1785997687834,"verb":"instruction"}
evt: {"event":"config_unknown_keys","keys":["browser_witness","claim_audit","code_chunks","code_index","discipline_note","embed","git_commits","instruction_payload","pipeline","rssearch"],"reason":"these top-level keys are not recognised by this build and are being IGNORED -- a typo looks exactly like this. If they come from a newer schema, this is expected and harmless.","tier":"implicit_default_repo","ts":1785997698744}
evt: {"event":"config_resolved","tier":"implicit_default_repo","ts":1785997698744,"version":1,"why":"gm's own shared default config repo at https://github.com/AnEntrypoint/gm-config (no project or user config.source.json configured)"}
evt: {"event":"config_unknown_keys","keys":["browser_witness","claim_audit","code_chunks","code_index","discipline_note","embed","git_commits","instruction_payload","pipeline","rssearch"],"reason":"these top-level keys are not recognised by this build and are being IGNORED -- a typo looks exactly like this. If they come from a newer schema, this is expected and harmless.","tier":"implicit_default_repo","ts":1785997698746}
evt: {"event":"config_resolved","tier":"implicit_default_repo","ts":1785997698746,"version":1,"why":"gm's own shared default config repo at https://github.com/AnEntrypoint/gm-config (no project or user config.source.json configured)"}
evt: {"event":"config_unknown_keys","keys":["browser_witness","claim_audit","code_chunks","code_index","discipline_note","embed","git_commits","instruction_payload","pipeline","rssearch"],"reason":"these top-level keys are not recognised by this build and are being IGNORED -- a typo looks exactly like this. If they come from a newer schema, this is expected and harmless.","tier":"implicit_default_repo","ts":1785997744126}
evt: {"event":"config_resolved","tier":"implicit_default_repo","ts":1785997744127,"version":1,"why":"gm's own shared default config repo at https://github.com/AnEntrypoint/gm-config (no project or user config.source.json configured)"}
evt: {"event":"config_unknown_keys","keys":["browser_witness","claim_audit","code_chunks","code_index","discipline_note","embed","git_commits","instruction_payload","pipeline","rssearch"],"reason":"these top-level keys are not recognised by this build and are being IGNORED -- a typo looks exactly like this. If they come from a newer schema, this is expected and harmless.","tier":"implicit_default_repo","ts":1785997744130}
evt: {"event":"config_resolved","tier":"implicit_default_repo","ts":1785997744130,"version":1,"why":"gm's own shared default config repo at https://github.com/AnEntrypoint/gm-config (no project or user config.source.json configured)"}
evt: {"event":"embed.query_spill_hit","query_len":20,"ts":1785997744192}
evt: {"dim":384,"event":"embed_generation_recorded","key":"b8b6f24106dd526a","model":"BAAI/bge-small-en-v1.5","scope":".gm/.embed-generation.rssearch_vectors","ts":1785997744227}
evt: {"did_sync":false,"event":"recall_vector_phase_timing","namespaces":1,"sync_ms":40,"ts":1785997744233}
evt: {"event":"recall_vector_phase_timing","outcome":"ok","search_ms":9,"ts":1785997744242}
evt: {"did_sync":false,"event":"recall_vector_phase_timing","namespaces":1,"sync_ms":5,"ts":1785997744250}
evt: {"event":"recall_vector_phase_timing","outcome":"ok","search_ms":2,"ts":1785997744252}
evt: {"event":"recall","hit":false,"mode":"kv_query","n_hits":0,"namespace":"default","query":"perfect project","sub":"memory","ts":1785997744252}
evt: {"event":"instruction.served","mutables_pending_count":0,"phase":"EMIT","prd_pending_count":0,"ts":1785997744287}
evt: {"event":"dispatch.end","ms":181,"ts":1785997744287,"verb":"instruction"}
evt: {"event":"config_unknown_keys","keys":["browser_witness","claim_audit","code_chunks","code_index","discipline_note","embed","git_commits","instruction_payload","pipeline","rssearch"],"reason":"these top-level keys are not recognised by this build and are being IGNORED -- a typo looks exactly like this. If they come from a newer schema, this is expected and harmless.","tier":"implicit_default_repo","ts":1785997751486}
evt: {"event":"config_resolved","tier":"implicit_default_repo","ts":1785997751486,"version":1,"why":"gm's own shared default config repo at https://github.com/AnEntrypoint/gm-config (no project or user config.source.json configured)"}
evt: {"event":"config_unknown_keys","keys":["browser_witness","claim_audit","code_chunks","code_index","discipline_note","embed","git_commits","instruction_payload","pipeline","rssearch"],"reason":"these top-level keys are not recognised by this build and are being IGNORED -- a typo looks exactly like this. If they come from a newer schema, this is expected and harmless.","tier":"implicit_default_repo","ts":1785997751489}
evt: {"event":"config_resolved","tier":"implicit_default_repo","ts":1785997751489,"version":1,"why":"gm's own shared default config repo at https://github.com/AnEntrypoint/gm-config (no project or user config.source.json configured)"}
evt: {"event":"config_unknown_keys","keys":["browser_witness","claim_audit","code_chunks","code_index","discipline_note","embed","git_commits","instruction_payload","pipeline","rssearch"],"reason":"these top-level keys are not recognised by this build and are being IGNORED -- a typo looks exactly like this. If they come from a newer schema, this is expected and harmless.","tier":"implicit_default_repo","ts":1785997805587}
evt: {"event":"config_resolved","tier":"implicit_default_repo","ts":1785997805587,"version":1,"why":"gm's own shared default config repo at https://github.com/AnEntrypoint/gm-config (no project or user config.source.json configured)"}
evt: {"event":"config_unknown_keys","keys":["browser_witness","claim_audit","code_chunks","code_index","discipline_note","embed","git_commits","instruction_payload","pipeline","rssearch"],"reason":"these top-level keys are not recognised by this build and are being IGNORED -- a typo looks exactly like this. If they come from a newer schema, this is expected and harmless.","tier":"implicit_default_repo","ts":1785997805591}
evt: {"event":"config_resolved","tier":"implicit_default_repo","ts":1785997805591,"version":1,"why":"gm's own shared default config repo at https://github.com/AnEntrypoint/gm-config (no project or user config.source.json configured)"}
evt: {"event":"embed.query_spill_hit","query_len":20,"ts":1785997805643}
evt: {"dim":384,"event":"embed_generation_recorded","key":"b8b6f24106dd526a","model":"BAAI/bge-small-en-v1.5","scope":".gm/.embed-generation.rssearch_vectors","ts":1785997805659}
evt: {"did_sync":false,"event":"recall_vector_phase_timing","namespaces":1,"sync_ms":21,"ts":1785997805665}
evt: {"event":"recall_vector_phase_timing","outcome":"ok","search_ms":3,"ts":1785997805668}
evt: {"did_sync":false,"event":"recall_vector_phase_timing","namespaces":1,"sync_ms":11,"ts":1785997805682}
evt: {"event":"recall_vector_phase_timing","outcome":"ok","search_ms":3,"ts":1785997805685}
evt: {"event":"recall","hit":false,"mode":"kv_query","n_hits":0,"namespace":"default","query":"perfect project","sub":"memory","ts":1785997805685}
evt: {"event":"instruction.served","mutables_pending_count":0,"phase":"EMIT","prd_pending_count":0,"ts":1785997805712}
evt: {"event":"dispatch.end","ms":142,"ts":1785997805712,"verb":"instruction"}
evt: {"event":"config_unknown_keys","keys":["browser_witness","claim_audit","code_chunks","code_index","discipline_note","embed","git_commits","instruction_payload","pipeline","rssearch"],"reason":"these top-level keys are not recognised by this build and are being IGNORED -- a typo looks exactly like this. If they come from a newer schema, this is expected and harmless.","tier":"implicit_default_repo","ts":1785997817040}
evt: {"event":"config_resolved","tier":"implicit_default_repo","ts":1785997817040,"version":1,"why":"gm's own shared default config repo at https://github.com/AnEntrypoint/gm-config (no project or user config.source.json configured)"}
evt: {"event":"config_unknown_keys","keys":["browser_witness","claim_audit","code_chunks","code_index","discipline_note","embed","git_commits","instruction_payload","pipeline","rssearch"],"reason":"these top-level keys are not recognised by this build and are being IGNORED -- a typo looks exactly like this. If they come from a newer schema, this is expected and harmless.","tier":"implicit_default_repo","ts":1785997817042}
evt: {"event":"config_resolved","tier":"implicit_default_repo","ts":1785997817042,"version":1,"why":"gm's own shared default config repo at https://github.com/AnEntrypoint/gm-config (no project or user config.source.json configured)"}
evt: {"event":"config_unknown_keys","keys":["browser_witness","claim_audit","code_chunks","code_index","discipline_note","embed","git_commits","instruction_payload","pipeline","rssearch"],"reason":"these top-level keys are not recognised by this build and are being IGNORED -- a typo looks exactly like this. If they come from a newer schema, this is expected and harmless.","tier":"implicit_default_repo","ts":1785997870780}
evt: {"event":"config_resolved","tier":"implicit_default_repo","ts":1785997870780,"version":1,"why":"gm's own shared default config repo at https://github.com/AnEntrypoint/gm-config (no project or user config.source.json configured)"}
evt: {"event":"config_unknown_keys","keys":["browser_witness","claim_audit","code_chunks","code_index","discipline_note","embed","git_commits","instruction_payload","pipeline","rssearch"],"reason":"these top-level keys are not recognised by this build and are being IGNORED -- a typo looks exactly like this. If they come from a newer schema, this is expected and harmless.","tier":"implicit_default_repo","ts":1785997870783}
evt: {"event":"config_resolved","tier":"implicit_default_repo","ts":1785997870783,"version":1,"why":"gm's own shared default config repo at https://github.com/AnEntrypoint/gm-config (no project or user config.source.json configured)"}
evt: {"event":"config_unknown_keys","keys":["browser_witness","claim_audit","code_chunks","code_index","discipline_note","embed","git_commits","instruction_payload","pipeline","rssearch"],"reason":"these top-level keys are not recognised by this build and are being IGNORED -- a typo looks exactly like this. If they come from a newer schema, this is expected and harmless.","tier":"implicit_default_repo","ts":1785997938955}
evt: {"event":"config_resolved","tier":"implicit_default_repo","ts":1785997938955,"version":1,"why":"gm's own shared default config repo at https://github.com/AnEntrypoint/gm-config (no project or user config.source.json configured)"}
evt: {"event":"config_unknown_keys","keys":["browser_witness","claim_audit","code_chunks","code_index","discipline_note","embed","git_commits","instruction_payload","pipeline","rssearch"],"reason":"these top-level keys are not recognised by this build and are being IGNORED -- a typo looks exactly like this. If they come from a newer schema, this is expected and harmless.","tier":"implicit_default_repo","ts":1785997939669}
evt: {"event":"config_resolved","tier":"implicit_default_repo","ts":1785997939669,"version":1,"why":"gm's own shared default config repo at https://github.com/AnEntrypoint/gm-config (no project or user config.source.json configured)"}
evt: {"event":"config_unknown_keys","keys":["browser_witness","claim_audit","code_chunks","code_index","discipline_note","embed","git_commits","instruction_payload","pipeline","rssearch"],"reason":"these top-level keys are not recognised by this build and are being IGNORED -- a typo looks exactly like this. If they come from a newer schema, this is expected and harmless.","tier":"implicit_default_repo","ts":1785997985184}
evt: {"event":"config_resolved","tier":"implicit_default_repo","ts":1785997985184,"version":1,"why":"gm's own shared default config repo at https://github.com/AnEntrypoint/gm-config (no project or user config.source.json configured)"}
evt: {"event":"config_unknown_keys","keys":["browser_witness","claim_audit","code_chunks","code_index","discipline_note","embed","git_commits","instruction_payload","pipeline","rssearch"],"reason":"these top-level keys are not recognised by this build and are being IGNORED -- a typo looks exactly like this. If they come from a newer schema, this is expected and harmless.","tier":"implicit_default_repo","ts":1785997985187}
evt: {"event":"config_resolved","tier":"implicit_default_repo","ts":1785997985187,"version":1,"why":"gm's own shared default config repo at https://github.com/AnEntrypoint/gm-config (no project or user config.source.json configured)"}
evt: {"event":"embed.query_spill_hit","query_len":20,"ts":1785997985230}
evt: {"dim":384,"event":"embed_generation_recorded","key":"b8b6f24106dd526a","model":"BAAI/bge-small-en-v1.5","scope":".gm/.embed-generation.rssearch_vectors","ts":1785997985251}
evt: {"did_sync":false,"event":"recall_vector_phase_timing","namespaces":1,"sync_ms":28,"ts":1785997985258}
evt: {"event":"recall_vector_phase_timing","outcome":"ok","search_ms":4,"ts":1785997985262}
evt: {"did_sync":false,"event":"recall_vector_phase_timing","namespaces":1,"sync_ms":6,"ts":1785997985270}
evt: {"event":"recall_vector_phase_timing","outcome":"ok","search_ms":2,"ts":1785997985272}
evt: {"event":"recall","hit":false,"mode":"kv_query","n_hits":0,"namespace":"default","query":"perfect project","sub":"memory","ts":1785997985272}
evt: {"event":"instruction.served","mutables_pending_count":0,"phase":"EMIT","prd_pending_count":0,"ts":1785997985312}
evt: {"event":"dispatch.end","ms":142,"ts":1785997985312,"verb":"instruction"}
evt: {"event":"config_unknown_keys","keys":["browser_witness","claim_audit","code_chunks","code_index","discipline_note","embed","git_commits","instruction_payload","pipeline","rssearch"],"reason":"these top-level keys are not recognised by this build and are being IGNORED -- a typo looks exactly like this. If they come from a newer schema, this is expected and harmless.","tier":"implicit_default_repo","ts":1785997991707}
evt: {"event":"config_resolved","tier":"implicit_default_repo","ts":1785997991708,"version":1,"why":"gm's own shared default config repo at https://github.com/AnEntrypoint/gm-config (no project or user config.source.json configured)"}
evt: {"event":"config_unknown_keys","keys":["browser_witness","claim_audit","code_chunks","code_index","discipline_note","embed","git_commits","instruction_payload","pipeline","rssearch"],"reason":"these top-level keys are not recognised by this build and are being IGNORED -- a typo looks exactly like this. If they come from a newer schema, this is expected and harmless.","tier":"implicit_default_repo","ts":1785997991714}
evt: {"event":"config_resolved","tier":"implicit_default_repo","ts":1785997991714,"version":1,"why":"gm's own shared default config repo at https://github.com/AnEntrypoint/gm-config (no project or user config.source.json configured)"}
evt: {"event":"config_unknown_keys","keys":["browser_witness","claim_audit","code_chunks","code_index","discipline_note","embed","git_commits","instruction_payload","pipeline","rssearch"],"reason":"these top-level keys are not recognised by this build and are being IGNORED -- a typo looks exactly like this. If they come from a newer schema, this is expected and harmless.","tier":"implicit_default_repo","ts":1785998000059}
evt: {"event":"config_resolved","tier":"implicit_default_repo","ts":1785998000060,"version":1,"why":"gm's own shared default config repo at https://github.com/AnEntrypoint/gm-config (no project or user config.source.json configured)"}
evt: {"event":"config_unknown_keys","keys":["browser_witness","claim_audit","code_chunks","code_index","discipline_note","embed","git_commits","instruction_payload","pipeline","rssearch"],"reason":"these top-level keys are not recognised by this build and are being IGNORED -- a typo looks exactly like this. If they come from a newer schema, this is expected and harmless.","tier":"implicit_default_repo","ts":1785998000062}
evt: {"event":"config_resolved","tier":"implicit_default_repo","ts":1785998000062,"version":1,"why":"gm's own shared default config repo at https://github.com/AnEntrypoint/gm-config (no project or user config.source.json configured)"}
evt: {"event":"config_unknown_keys","keys":["browser_witness","claim_audit","code_chunks","code_index","discipline_note","embed","git_commits","instruction_payload","pipeline","rssearch"],"reason":"these top-level keys are not recognised by this build and are being IGNORED -- a typo looks exactly like this. If they come from a newer schema, this is expected and harmless.","tier":"implicit_default_repo","ts":1785998057242}
evt: {"event":"config_resolved","tier":"implicit_default_repo","ts":1785998057242,"version":1,"why":"gm's own shared default config repo at https://github.com/AnEntrypoint/gm-config (no project or user config.source.json configured)"}
evt: {"event":"config_unknown_keys","keys":["browser_witness","claim_audit","code_chunks","code_index","discipline_note","embed","git_commits","instruction_payload","pipeline","rssearch"],"reason":"these top-level keys are not recognised by this build and are being IGNORED -- a typo looks exactly like this. If they come from a newer schema, this is expected and harmless.","tier":"implicit_default_repo","ts":1785998057244}
evt: {"event":"config_resolved","tier":"implicit_default_repo","ts":1785998057244,"version":1,"why":"gm's own shared default config repo at https://github.com/AnEntrypoint/gm-config (no project or user config.source.json configured)"}
evt: {"event":"config_unknown_keys","keys":["browser_witness","claim_audit","code_chunks","code_index","discipline_note","embed","git_commits","instruction_payload","pipeline","rssearch"],"reason":"these top-level keys are not recognised by this build and are being IGNORED -- a typo looks exactly like this. If they come from a newer schema, this is expected and harmless.","tier":"implicit_default_repo","ts":1785998111003}
evt: {"event":"config_resolved","tier":"implicit_default_repo","ts":1785998111003,"version":1,"why":"gm's own shared default config repo at https://github.com/AnEntrypoint/gm-config (no project or user config.source.json configured)"}
evt: {"event":"config_unknown_keys","keys":["browser_witness","claim_audit","code_chunks","code_index","discipline_note","embed","git_commits","instruction_payload","pipeline","rssearch"],"reason":"these top-level keys are not recognised by this build and are being IGNORED -- a typo looks exactly like this. If they come from a newer schema, this is expected and harmless.","tier":"implicit_default_repo","ts":1785998111006}
evt: {"event":"config_resolved","tier":"implicit_default_repo","ts":1785998111006,"version":1,"why":"gm's own shared default config repo at https://github.com/AnEntrypoint/gm-config (no project or user config.source.json configured)"}
evt: {"event":"config_unknown_keys","keys":["browser_witness","claim_audit","code_chunks","code_index","discipline_note","embed","git_commits","instruction_payload","pipeline","rssearch"],"reason":"these top-level keys are not recognised by this build and are being IGNORED -- a typo looks exactly like this. If they come from a newer schema, this is expected and harmless.","tier":"implicit_default_repo","ts":1785998140143}
evt: {"event":"config_resolved","tier":"implicit_default_repo","ts":1785998140144,"version":1,"why":"gm's own shared default config repo at https://github.com/AnEntrypoint/gm-config (no project or user config.source.json configured)"}
evt: {"event":"config_unknown_keys","keys":["browser_witness","claim_audit","code_chunks","code_index","discipline_note","embed","git_commits","instruction_payload","pipeline","rssearch"],"reason":"these top-level keys are not recognised by this build and are being IGNORED -- a typo looks exactly like this. If they come from a newer schema, this is expected and harmless.","tier":"implicit_default_repo","ts":1785998140147}
evt: {"event":"config_resolved","tier":"implicit_default_repo","ts":1785998140147,"version":1,"why":"gm's own shared default config repo at https://github.com/AnEntrypoint/gm-config (no project or user config.source.json configured)"}
evt: {"event":"phase.transitioned","from":"EMIT","phase":"STATE","ts":1785998179860}
evt: {"event":"config_unknown_keys","keys":["browser_witness","claim_audit","code_chunks","code_index","discipline_note","embed","git_commits","instruction_payload","pipeline","rssearch"],"reason":"these top-level keys are not recognised by this build and are being IGNORED -- a typo looks exactly like this. If they come from a newer schema, this is expected and harmless.","tier":"implicit_default_repo","ts":1785998179863}
evt: {"event":"config_resolved","tier":"implicit_default_repo","ts":1785998179863,"version":1,"why":"gm's own shared default config repo at https://github.com/AnEntrypoint/gm-config (no project or user config.source.json configured)"}
evt: {"event":"config_unknown_keys","keys":["browser_witness","claim_audit","code_chunks","code_index","discipline_note","embed","git_commits","instruction_payload","pipeline","rssearch"],"reason":"these top-level keys are not recognised by this build and are being IGNORED -- a typo looks exactly like this. If they come from a newer schema, this is expected and harmless.","tier":"implicit_default_repo","ts":1785998179865}
evt: {"event":"config_resolved","tier":"implicit_default_repo","ts":1785998179865,"version":1,"why":"gm's own shared default config repo at https://github.com/AnEntrypoint/gm-config (no project or user config.source.json configured)"}
evt: {"did_sync":false,"event":"recall_vector_phase_timing","namespaces":1,"sync_ms":18,"ts":1785998180238}
evt: {"event":"recall_vector_phase_timing","outcome":"ok","search_ms":3,"ts":1785998180241}
evt: {"did_sync":false,"event":"recall_vector_phase_timing","namespaces":1,"sync_ms":5,"ts":1785998180249}
evt: {"event":"recall_vector_phase_timing","outcome":"ok","search_ms":2,"ts":1785998180251}
evt: {"event":"recall","hit":false,"mode":"kv_query","n_hits":0,"namespace":"default","query":"STATE","sub":"memory","ts":1785998180251}
evt: {"event":"dispatch.end","ms":481510,"ts":1785998180251,"verb":"transition"}
evt: {"event":"phase.transitioned","from":"EMIT","phase":"STATE","ts":1785998231929}
evt: {"event":"config_unknown_keys","keys":["browser_witness","claim_audit","code_chunks","code_index","discipline_note","embed","git_commits","instruction_payload","pipeline","rssearch"],"reason":"these top-level keys are not recognised by this build and are being IGNORED -- a typo looks exactly like this. If they come from a newer schema, this is expected and harmless.","tier":"implicit_default_repo","ts":1785998231932}
evt: {"event":"config_resolved","tier":"implicit_default_repo","ts":1785998231932,"version":1,"why":"gm's own shared default config repo at https://github.com/AnEntrypoint/gm-config (no project or user config.source.json configured)"}
evt: {"event":"config_unknown_keys","keys":["browser_witness","claim_audit","code_chunks","code_index","discipline_note","embed","git_commits","instruction_payload","pipeline","rssearch"],"reason":"these top-level keys are not recognised by this build and are being IGNORED -- a typo looks exactly like this. If they come from a newer schema, this is expected and harmless.","tier":"implicit_default_repo","ts":1785998231935}
evt: {"event":"config_resolved","tier":"implicit_default_repo","ts":1785998231935,"version":1,"why":"gm's own shared default config repo at https://github.com/AnEntrypoint/gm-config (no project or user config.source.json configured)"}
evt: {"event":"embed.query_spill_hit","query_len":5,"ts":1785998231949}
evt: {"did_sync":false,"event":"recall_vector_phase_timing","namespaces":1,"sync_ms":11,"ts":1785998231960}
evt: {"event":"recall_vector_phase_timing","outcome":"ok","search_ms":2,"ts":1785998231962}
evt: {"did_sync":false,"event":"recall_vector_phase_timing","namespaces":1,"sync_ms":6,"ts":1785998231970}
evt: {"event":"recall_vector_phase_timing","outcome":"ok","search_ms":2,"ts":1785998231972}
evt: {"event":"recall","hit":false,"mode":"kv_query","n_hits":0,"namespace":"default","query":"STATE","sub":"memory","ts":1785998231972}
evt: {"event":"dispatch.end","ms":480489,"ts":1785998231972,"verb":"transition"}
evt: {"event":"config_unknown_keys","keys":["browser_witness","claim_audit","code_chunks","code_index","discipline_note","embed","git_commits","instruction_payload","pipeline","rssearch"],"reason":"these top-level keys are not recognised by this build and are being IGNORED -- a typo looks exactly like this. If they come from a newer schema, this is expected and harmless.","tier":"implicit_default_repo","ts":1785998240272}
evt: {"event":"config_resolved","tier":"implicit_default_repo","ts":1785998240273,"version":1,"why":"gm's own shared default config repo at https://github.com/AnEntrypoint/gm-config (no project or user config.source.json configured)"}
evt: {"event":"config_unknown_keys","keys":["browser_witness","claim_audit","code_chunks","code_index","discipline_note","embed","git_commits","instruction_payload","pipeline","rssearch"],"reason":"these top-level keys are not recognised by this build and are being IGNORED -- a typo looks exactly like this. If they come from a newer schema, this is expected and harmless.","tier":"implicit_default_repo","ts":1785998240985}
evt: {"event":"config_resolved","tier":"implicit_default_repo","ts":1785998240985,"version":1,"why":"gm's own shared default config repo at https://github.com/AnEntrypoint/gm-config (no project or user config.source.json configured)"}
evt: {"event":"dispatch.end","ms":240933,"ts":1785998240987,"verb":"transition"}
evt: {"event":"phase.transitioned","from":"EMIT","phase":"STATE","ts":1785998297448}
evt: {"event":"config_unknown_keys","keys":["browser_witness","claim_audit","code_chunks","code_index","discipline_note","embed","git_commits","instruction_payload","pipeline","rssearch"],"reason":"these top-level keys are not recognised by this build and are being IGNORED -- a typo looks exactly like this. If they come from a newer schema, this is expected and harmless.","tier":"implicit_default_repo","ts":1785998297452}
evt: {"event":"config_resolved","tier":"implicit_default_repo","ts":1785998297452,"version":1,"why":"gm's own shared default config repo at https://github.com/AnEntrypoint/gm-config (no project or user config.source.json configured)"}
evt: {"event":"config_unknown_keys","keys":["browser_witness","claim_audit","code_chunks","code_index","discipline_note","embed","git_commits","instruction_payload","pipeline","rssearch"],"reason":"these top-level keys are not recognised by this build and are being IGNORED -- a typo looks exactly like this. If they come from a newer schema, this is expected and harmless.","tier":"implicit_default_repo","ts":1785998297454}
evt: {"event":"config_resolved","tier":"implicit_default_repo","ts":1785998297454,"version":1,"why":"gm's own shared default config repo at https://github.com/AnEntrypoint/gm-config (no project or user config.source.json configured)"}
evt: {"event":"embed.query_spill_hit","query_len":5,"ts":1785998297467}
evt: {"did_sync":false,"event":"recall_vector_phase_timing","namespaces":1,"sync_ms":26,"ts":1785998297494}
evt: {"event":"recall_vector_phase_timing","outcome":"ok","search_ms":3,"ts":1785998297497}
evt: {"did_sync":false,"event":"recall_vector_phase_timing","namespaces":1,"sync_ms":5,"ts":1785998297505}
evt: {"event":"recall_vector_phase_timing","outcome":"ok","search_ms":1,"ts":1785998297506}
evt: {"event":"recall","hit":false,"mode":"kv_query","n_hits":0,"namespace":"default","query":"STATE","sub":"memory","ts":1785998297507}
evt: {"event":"dispatch.end","ms":480472,"ts":1785998297507,"verb":"transition"}
evt: {"event":"config_unknown_keys","keys":["browser_witness","claim_audit","code_chunks","code_index","discipline_note","embed","git_commits","instruction_payload","pipeline","rssearch"],"reason":"these top-level keys are not recognised by this build and are being IGNORED -- a typo looks exactly like this. If they come from a newer schema, this is expected and harmless.","tier":"implicit_default_repo","ts":1785998327079}
evt: {"event":"config_resolved","tier":"implicit_default_repo","ts":1785998327079,"version":1,"why":"gm's own shared default config repo at https://github.com/AnEntrypoint/gm-config (no project or user config.source.json configured)"}
evt: {"event":"config_unknown_keys","keys":["browser_witness","claim_audit","code_chunks","code_index","discipline_note","embed","git_commits","instruction_payload","pipeline","rssearch"],"reason":"these top-level keys are not recognised by this build and are being IGNORED -- a typo looks exactly like this. If they come from a newer schema, this is expected and harmless.","tier":"implicit_default_repo","ts":1785998327082}
evt: {"event":"config_resolved","tier":"implicit_default_repo","ts":1785998327082,"version":1,"why":"gm's own shared default config repo at https://github.com/AnEntrypoint/gm-config (no project or user config.source.json configured)"}
evt: {"event":"prd.added","id":"transition-verb-orphaned-by-self-update-handoff","rescoped":false,"ts":1785998327087}
evt: {"event":"dispatch.end","ms":11,"ts":1785998327087,"verb":"prd-add"}
evt: {"event":"phase.transitioned","from":"EMIT","phase":"STATE","ts":1785998351217}
evt: {"event":"config_unknown_keys","keys":["browser_witness","claim_audit","code_chunks","code_index","discipline_note","embed","git_commits","instruction_payload","pipeline","rssearch"],"reason":"these top-level keys are not recognised by this build and are being IGNORED -- a typo looks exactly like this. If they come from a newer schema, this is expected and harmless.","tier":"implicit_default_repo","ts":1785998351221}
evt: {"event":"config_resolved","tier":"implicit_default_repo","ts":1785998351221,"version":1,"why":"gm's own shared default config repo at https://github.com/AnEntrypoint/gm-config (no project or user config.source.json configured)"}
evt: {"event":"config_unknown_keys","keys":["browser_witness","claim_audit","code_chunks","code_index","discipline_note","embed","git_commits","instruction_payload","pipeline","rssearch"],"reason":"these top-level keys are not recognised by this build and are being IGNORED -- a typo looks exactly like this. If they come from a newer schema, this is expected and harmless.","tier":"implicit_default_repo","ts":1785998351224}
evt: {"event":"config_resolved","tier":"implicit_default_repo","ts":1785998351224,"version":1,"why":"gm's own shared default config repo at https://github.com/AnEntrypoint/gm-config (no project or user config.source.json configured)"}
evt: {"dim":384,"event":"embed_generation_recorded","key":"b8b6f24106dd526a","model":"BAAI/bge-small-en-v1.5","scope":".gm/.embed-generation.rssearch_vectors","ts":1785998351742}
evt: {"did_sync":false,"event":"recall_vector_phase_timing","namespaces":1,"sync_ms":46,"ts":1785998351750}
evt: {"event":"recall_vector_phase_timing","outcome":"ok","search_ms":4,"ts":1785998351754}
evt: {"did_sync":false,"event":"recall_vector_phase_timing","namespaces":1,"sync_ms":6,"ts":1785998351762}
evt: {"event":"recall_vector_phase_timing","outcome":"ok","search_ms":2,"ts":1785998351764}
evt: {"event":"recall","hit":false,"mode":"kv_query","n_hits":0,"namespace":"default","query":"STATE transition verb repeatedly orphaned agentplug-runner","sub":"memory","ts":1785998351764}
evt: {"event":"dispatch.end","ms":480997,"ts":1785998351764,"verb":"transition"}
evt: {"event":"config_unknown_keys","keys":["browser_witness","claim_audit","code_chunks","code_index","discipline_note","embed","git_commits","instruction_payload","pipeline","rssearch"],"reason":"these top-level keys are not recognised by this build and are being IGNORED -- a typo looks exactly like this. If they come from a newer schema, this is expected and harmless.","tier":"implicit_default_repo","ts":1785998380371}
evt: {"event":"config_resolved","tier":"implicit_default_repo","ts":1785998380372,"version":1,"why":"gm's own shared default config repo at https://github.com/AnEntrypoint/gm-config (no project or user config.source.json configured)"}
evt: {"event":"config_unknown_keys","keys":["browser_witness","claim_audit","code_chunks","code_index","discipline_note","embed","git_commits","instruction_payload","pipeline","rssearch"],"reason":"these top-level keys are not recognised by this build and are being IGNORED -- a typo looks exactly like this. If they come from a newer schema, this is expected and harmless.","tier":"implicit_default_repo","ts":1785998380374}
evt: {"event":"config_resolved","tier":"implicit_default_repo","ts":1785998380374,"version":1,"why":"gm's own shared default config repo at https://github.com/AnEntrypoint/gm-config (no project or user config.source.json configured)"}
evt: {"event":"dispatch.end","ms":240249,"ts":1785998380375,"verb":"transition"}
evt: {"event":"config_unknown_keys","keys":["browser_witness","claim_audit","code_chunks","code_index","discipline_note","embed","git_commits","instruction_payload","pipeline","rssearch"],"reason":"these top-level keys are not recognised by this build and are being IGNORED -- a typo looks exactly like this. If they come from a newer schema, this is expected and harmless.","tier":"implicit_default_repo","ts":1785998390735}
evt: {"event":"config_resolved","tier":"implicit_default_repo","ts":1785998390735,"version":1,"why":"gm's own shared default config repo at https://github.com/AnEntrypoint/gm-config (no project or user config.source.json configured)"}
evt: {"event":"config_unknown_keys","keys":["browser_witness","claim_audit","code_chunks","code_index","discipline_note","embed","git_commits","instruction_payload","pipeline","rssearch"],"reason":"these top-level keys are not recognised by this build and are being IGNORED -- a typo looks exactly like this. If they come from a newer schema, this is expected and harmless.","tier":"implicit_default_repo","ts":1785998390738}
evt: {"event":"config_resolved","tier":"implicit_default_repo","ts":1785998390738,"version":1,"why":"gm's own shared default config repo at https://github.com/AnEntrypoint/gm-config (no project or user config.source.json configured)"}
evt: {"event":"embed.query_spill_hit","query_len":20,"ts":1785998390770}
evt: {"did_sync":false,"event":"recall_vector_phase_timing","namespaces":1,"sync_ms":6,"ts":1785998390776}
evt: {"event":"recall_vector_phase_timing","outcome":"ok","search_ms":2,"ts":1785998390778}
evt: {"did_sync":false,"event":"recall_vector_phase_timing","namespaces":1,"sync_ms":5,"ts":1785998390785}
evt: {"event":"recall_vector_phase_timing","outcome":"ok","search_ms":2,"ts":1785998390787}
evt: {"event":"recall","hit":false,"mode":"kv_query","n_hits":0,"namespace":"default","query":"perfect project","sub":"memory","ts":1785998390788}
evt: {"event":"instruction.served","mutables_pending_count":0,"phase":"STATE","prd_pending_count":1,"ts":1785998390812}
evt: {"event":"dispatch.end","ms":81,"ts":1785998390813,"verb":"instruction"}
evt: {"event":"config_unknown_keys","keys":["browser_witness","claim_audit","code_chunks","code_index","discipline_note","embed","git_commits","instruction_payload","pipeline","rssearch"],"reason":"these top-level keys are not recognised by this build and are being IGNORED -- a typo looks exactly like this. If they come from a newer schema, this is expected and harmless.","tier":"implicit_default_repo","ts":1785998403638}
evt: {"event":"config_resolved","tier":"implicit_default_repo","ts":1785998403638,"version":1,"why":"gm's own shared default config repo at https://github.com/AnEntrypoint/gm-config (no project or user config.source.json configured)"}
evt: {"event":"config_unknown_keys","keys":["browser_witness","claim_audit","code_chunks","code_index","discipline_note","embed","git_commits","instruction_payload","pipeline","rssearch"],"reason":"these top-level keys are not recognised by this build and are being IGNORED -- a typo looks exactly like this. If they come from a newer schema, this is expected and harmless.","tier":"implicit_default_repo","ts":1785998403642}
evt: {"event":"config_resolved","tier":"implicit_default_repo","ts":1785998403642,"version":1,"why":"gm's own shared default config repo at https://github.com/AnEntrypoint/gm-config (no project or user config.source.json configured)"}
evt: {"event":"prd.resolved","id":"transition-verb-orphaned-by-self-update-handoff","ts":1785998403651}
evt: {"event":"dispatch.end","ms":18,"ts":1785998403651,"verb":"prd-resolve"}
evt: {"event":"config_unknown_keys","keys":["browser_witness","claim_audit","code_chunks","code_index","discipline_note","embed","git_commits","instruction_payload","pipeline","rssearch"],"reason":"these top-level keys are not recognised by this build and are being IGNORED -- a typo looks exactly like this. If they come from a newer schema, this is expected and harmless.","tier":"implicit_default_repo","ts":1785998413783}
evt: {"event":"config_resolved","tier":"implicit_default_repo","ts":1785998413783,"version":1,"why":"gm's own shared default config repo at https://github.com/AnEntrypoint/gm-config (no project or user config.source.json configured)"}
evt: {"event":"config_unknown_keys","keys":["browser_witness","claim_audit","code_chunks","code_index","discipline_note","embed","git_commits","instruction_payload","pipeline","rssearch"],"reason":"these top-level keys are not recognised by this build and are being IGNORED -- a typo looks exactly like this. If they come from a newer schema, this is expected and harmless.","tier":"implicit_default_repo","ts":1785998413786}
evt: {"event":"config_resolved","tier":"implicit_default_repo","ts":1785998413786,"version":1,"why":"gm's own shared default config repo at https://github.com/AnEntrypoint/gm-config (no project or user config.source.json configured)"}
evt: {"event":"phase.transitioned","from":"STATE","phase":"CONC","ts":1785998413788}
evt: {"did_sync":false,"event":"recall_vector_phase_timing","namespaces":1,"sync_ms":7,"ts":1785998414219}
evt: {"event":"recall_vector_phase_timing","outcome":"ok","search_ms":2,"ts":1785998414221}
evt: {"did_sync":false,"event":"recall_vector_phase_timing","namespaces":1,"sync_ms":5,"ts":1785998414229}
evt: {"event":"recall_vector_phase_timing","outcome":"ok","search_ms":2,"ts":1785998414231}
evt: {"event":"recall","hit":false,"mode":"kv_query","n_hits":0,"namespace":"default","query":"CONC","sub":"memory","ts":1785998414231}
evt: {"event":"dispatch.end","ms":452,"ts":1785998414231,"verb":"transition"}
evt: {"event":"config_unknown_keys","keys":["browser_witness","claim_audit","code_chunks","code_index","discipline_note","embed","git_commits","instruction_payload","pipeline","rssearch"],"reason":"these top-level keys are not recognised by this build and are being IGNORED -- a typo looks exactly like this. If they come from a newer schema, this is expected and harmless.","tier":"implicit_default_repo","ts":1785998424047}
evt: {"event":"config_resolved","tier":"implicit_default_repo","ts":1785998424047,"version":1,"why":"gm's own shared default config repo at https://github.com/AnEntrypoint/gm-config (no project or user config.source.json configured)"}
evt: {"event":"config_unknown_keys","keys":["browser_witness","claim_audit","code_chunks","code_index","discipline_note","embed","git_commits","instruction_payload","pipeline","rssearch"],"reason":"these top-level keys are not recognised by this build and are being IGNORED -- a typo looks exactly like this. If they come from a newer schema, this is expected and harmless.","tier":"implicit_default_repo","ts":1785998424050}
evt: {"event":"config_resolved","tier":"implicit_default_repo","ts":1785998424050,"version":1,"why":"gm's own shared default config repo at https://github.com/AnEntrypoint/gm-config (no project or user config.source.json configured)"}
evt: {"event":"phase.transitioned","from":"CONC","phase":"SEC","ts":1785998424052}
evt: {"did_sync":false,"event":"recall_vector_phase_timing","namespaces":1,"sync_ms":5,"ts":1785998424278}
evt: {"event":"recall_vector_phase_timing","outcome":"ok","search_ms":2,"ts":1785998424280}
evt: {"did_sync":false,"event":"recall_vector_phase_timing","namespaces":1,"sync_ms":5,"ts":1785998424287}
evt: {"event":"recall_vector_phase_timing","outcome":"ok","search_ms":1,"ts":1785998424288}
evt: {"event":"recall","hit":false,"mode":"kv_query","n_hits":0,"namespace":"default","query":"SEC","sub":"memory","ts":1785998424288}
evt: {"event":"dispatch.end","ms":245,"ts":1785998424289,"verb":"transition"}
evt: {"event":"config_unknown_keys","keys":["browser_witness","claim_audit","code_chunks","code_index","discipline_note","embed","git_commits","instruction_payload","pipeline","rssearch"],"reason":"these top-level keys are not recognised by this build and are being IGNORED -- a typo looks exactly like this. If they come from a newer schema, this is expected and harmless.","tier":"implicit_default_repo","ts":1785998438946}
evt: {"event":"config_resolved","tier":"implicit_default_repo","ts":1785998438946,"version":1,"why":"gm's own shared default config repo at https://github.com/AnEntrypoint/gm-config (no project or user config.source.json configured)"}
evt: {"event":"config_unknown_keys","keys":["browser_witness","claim_audit","code_chunks","code_index","discipline_note","embed","git_commits","instruction_payload","pipeline","rssearch"],"reason":"these top-level keys are not recognised by this build and are being IGNORED -- a typo looks exactly like this. If they come from a newer schema, this is expected and harmless.","tier":"implicit_default_repo","ts":1785998438949}
evt: {"event":"config_resolved","tier":"implicit_default_repo","ts":1785998438949,"version":1,"why":"gm's own shared default config repo at https://github.com/AnEntrypoint/gm-config (no project or user config.source.json configured)"}
evt: {"event":"config_unknown_keys","keys":["browser_witness","claim_audit","code_chunks","code_index","discipline_note","embed","git_commits","instruction_payload","pipeline","rssearch"],"reason":"these top-level keys are not recognised by this build and are being IGNORED -- a typo looks exactly like this. If they come from a newer schema, this is expected and harmless.","tier":"implicit_default_repo","ts":1785998549065}
evt: {"event":"config_resolved","tier":"implicit_default_repo","ts":1785998549068,"version":1,"why":"gm's own shared default config repo at https://github.com/AnEntrypoint/gm-config (no project or user config.source.json configured)"}
evt: {"event":"config_unknown_keys","keys":["browser_witness","claim_audit","code_chunks","code_index","discipline_note","embed","git_commits","instruction_payload","pipeline","rssearch"],"reason":"these top-level keys are not recognised by this build and are being IGNORED -- a typo looks exactly like this. If they come from a newer schema, this is expected and harmless.","tier":"implicit_default_repo","ts":1785998549066}
evt: {"event":"config_resolved","tier":"implicit_default_repo","ts":1785998549068,"version":1,"why":"gm's own shared default config repo at https://github.com/AnEntrypoint/gm-config (no project or user config.source.json configured)"}
evt: {"event":"config_unknown_keys","keys":["browser_witness","claim_audit","code_chunks","code_index","discipline_note","embed","git_commits","instruction_payload","pipeline","rssearch"],"reason":"these top-level keys are not recognised by this build and are being IGNORED -- a typo looks exactly like this. If they come from a newer schema, this is expected and harmless.","tier":"implicit_default_repo","ts":1785998549132}
evt: {"event":"config_resolved","tier":"implicit_default_repo","ts":1785998549132,"version":1,"why":"gm's own shared default config repo at https://github.com/AnEntrypoint/gm-config (no project or user config.source.json configured)"}
evt: {"event":"embed.query_spill_hit","query_len":20,"ts":1785998549189}
evt: {"dim":384,"event":"embed_generation_recorded","key":"b8b6f24106dd526a","model":"BAAI/bge-small-en-v1.5","scope":".gm/.embed-generation.rssearch_vectors","ts":1785998549231}
evt: {"did_sync":false,"event":"recall_vector_phase_timing","namespaces":1,"sync_ms":48,"ts":1785998549238}
evt: {"event":"recall_vector_phase_timing","outcome":"ok","search_ms":5,"ts":1785998549243}
evt: {"did_sync":false,"event":"recall_vector_phase_timing","namespaces":1,"sync_ms":6,"ts":1785998549252}
evt: {"event":"recall_vector_phase_timing","outcome":"ok","search_ms":2,"ts":1785998549253}
evt: {"event":"recall","hit":false,"mode":"kv_query","n_hits":0,"namespace":"default","query":"perfect project","sub":"memory","ts":1785998549253}
evt: {"event":"instruction.served","mutables_pending_count":0,"phase":"SEC","prd_pending_count":0,"ts":1785998549284}
evt: {"event":"dispatch.end","ms":248,"ts":1785998549284,"verb":"instruction"}
evt: {"event":"config_unknown_keys","keys":["browser_witness","claim_audit","code_chunks","code_index","discipline_note","embed","git_commits","instruction_payload","pipeline","rssearch"],"reason":"these top-level keys are not recognised by this build and are being IGNORED -- a typo looks exactly like this. If they come from a newer schema, this is expected and harmless.","tier":"implicit_default_repo","ts":1785998549799}
evt: {"event":"config_resolved","tier":"implicit_default_repo","ts":1785998549799,"version":1,"why":"gm's own shared default config repo at https://github.com/AnEntrypoint/gm-config (no project or user config.source.json configured)"}
evt: {"event":"embed.query_spill_hit","query_len":20,"ts":1785998549832}
evt: {"dim":384,"event":"embed_generation_recorded","key":"b8b6f24106dd526a","model":"BAAI/bge-small-en-v1.5","scope":".gm/.embed-generation.rssearch_vectors","ts":1785998549838}
evt: {"did_sync":false,"event":"recall_vector_phase_timing","namespaces":1,"sync_ms":12,"ts":1785998549844}
evt: {"event":"recall_vector_phase_timing","outcome":"ok","search_ms":2,"ts":1785998549846}
evt: {"did_sync":false,"event":"recall_vector_phase_timing","namespaces":1,"sync_ms":5,"ts":1785998549853}
evt: {"event":"recall_vector_phase_timing","outcome":"ok","search_ms":2,"ts":1785998549855}
evt: {"event":"recall","hit":false,"mode":"kv_query","n_hits":0,"namespace":"default","query":"perfect project","sub":"memory","ts":1785998549855}
evt: {"event":"instruction.served","mutables_pending_count":0,"phase":"SEC","prd_pending_count":0,"ts":1785998549879}
evt: {"event":"dispatch.end","ms":844,"ts":1785998549880,"verb":"instruction"}
evt: {"event":"config_unknown_keys","keys":["browser_witness","claim_audit","code_chunks","code_index","discipline_note","embed","git_commits","instruction_payload","pipeline","rssearch"],"reason":"these top-level keys are not recognised by this build and are being IGNORED -- a typo looks exactly like this. If they come from a newer schema, this is expected and harmless.","tier":"implicit_default_repo","ts":1785998557522}
evt: {"event":"config_resolved","tier":"implicit_default_repo","ts":1785998557522,"version":1,"why":"gm's own shared default config repo at https://github.com/AnEntrypoint/gm-config (no project or user config.source.json configured)"}
evt: {"event":"config_unknown_keys","keys":["browser_witness","claim_audit","code_chunks","code_index","discipline_note","embed","git_commits","instruction_payload","pipeline","rssearch"],"reason":"these top-level keys are not recognised by this build and are being IGNORED -- a typo looks exactly like this. If they come from a newer schema, this is expected and harmless.","tier":"implicit_default_repo","ts":1785998557525}
evt: {"event":"config_resolved","tier":"implicit_default_repo","ts":1785998557525,"version":1,"why":"gm's own shared default config repo at https://github.com/AnEntrypoint/gm-config (no project or user config.source.json configured)"}
evt: {"event":"config_unknown_keys","keys":["browser_witness","claim_audit","code_chunks","code_index","discipline_note","embed","git_commits","instruction_payload","pipeline","rssearch"],"reason":"these top-level keys are not recognised by this build and are being IGNORED -- a typo looks exactly like this. If they come from a newer schema, this is expected and harmless.","tier":"implicit_default_repo","ts":1785998559053}
evt: {"event":"config_resolved","tier":"implicit_default_repo","ts":1785998559053,"version":1,"why":"gm's own shared default config repo at https://github.com/AnEntrypoint/gm-config (no project or user config.source.json configured)"}
evt: {"event":"config_unknown_keys","keys":["browser_witness","claim_audit","code_chunks","code_index","discipline_note","embed","git_commits","instruction_payload","pipeline","rssearch"],"reason":"these top-level keys are not recognised by this build and are being IGNORED -- a typo looks exactly like this. If they come from a newer schema, this is expected and harmless.","tier":"implicit_default_repo","ts":1785998559055}
evt: {"event":"config_resolved","tier":"implicit_default_repo","ts":1785998559055,"version":1,"why":"gm's own shared default config repo at https://github.com/AnEntrypoint/gm-config (no project or user config.source.json configured)"}
evt: {"event":"config_unknown_keys","keys":["browser_witness","claim_audit","code_chunks","code_index","discipline_note","embed","git_commits","instruction_payload","pipeline","rssearch"],"reason":"these top-level keys are not recognised by this build and are being IGNORED -- a typo looks exactly like this. If they come from a newer schema, this is expected and harmless.","tier":"implicit_default_repo","ts":1785998629749}
evt: {"event":"config_resolved","tier":"implicit_default_repo","ts":1785998629750,"version":1,"why":"gm's own shared default config repo at https://github.com/AnEntrypoint/gm-config (no project or user config.source.json configured)"}
evt: {"event":"config_unknown_keys","keys":["browser_witness","claim_audit","code_chunks","code_index","discipline_note","embed","git_commits","instruction_payload","pipeline","rssearch"],"reason":"these top-level keys are not recognised by this build and are being IGNORED -- a typo looks exactly like this. If they come from a newer schema, this is expected and harmless.","tier":"implicit_default_repo","ts":1785998629753}
evt: {"event":"config_resolved","tier":"implicit_default_repo","ts":1785998629753,"version":1,"why":"gm's own shared default config repo at https://github.com/AnEntrypoint/gm-config (no project or user config.source.json configured)"}
evt: {"event":"config_unknown_keys","keys":["browser_witness","claim_audit","code_chunks","code_index","discipline_note","embed","git_commits","instruction_payload","pipeline","rssearch"],"reason":"these top-level keys are not recognised by this build and are being IGNORED -- a typo looks exactly like this. If they come from a newer schema, this is expected and harmless.","tier":"implicit_default_repo","ts":1785998677620}
evt: {"event":"config_resolved","tier":"implicit_default_repo","ts":1785998677620,"version":1,"why":"gm's own shared default config repo at https://github.com/AnEntrypoint/gm-config (no project or user config.source.json configured)"}
evt: {"event":"config_unknown_keys","keys":["browser_witness","claim_audit","code_chunks","code_index","discipline_note","embed","git_commits","instruction_payload","pipeline","rssearch"],"reason":"these top-level keys are not recognised by this build and are being IGNORED -- a typo looks exactly like this. If they come from a newer schema, this is expected and harmless.","tier":"implicit_default_repo","ts":1785998677622}
evt: {"event":"config_resolved","tier":"implicit_default_repo","ts":1785998677622,"version":1,"why":"gm's own shared default config repo at https://github.com/AnEntrypoint/gm-config (no project or user config.source.json configured)"}
evt: {"event":"phase.transitioned","from":"SEC","phase":"RES","ts":1785998679155}
evt: {"event":"config_unknown_keys","keys":["browser_witness","claim_audit","code_chunks","code_index","discipline_note","embed","git_commits","instruction_payload","pipeline","rssearch"],"reason":"these top-level keys are not recognised by this build and are being IGNORED -- a typo looks exactly like this. If they come from a newer schema, this is expected and harmless.","tier":"implicit_default_repo","ts":1785998679158}
evt: {"event":"config_resolved","tier":"implicit_default_repo","ts":1785998679158,"version":1,"why":"gm's own shared default config repo at https://github.com/AnEntrypoint/gm-config (no project or user config.source.json configured)"}
evt: {"event":"config_unknown_keys","keys":["browser_witness","claim_audit","code_chunks","code_index","discipline_note","embed","git_commits","instruction_payload","pipeline","rssearch"],"reason":"these top-level keys are not recognised by this build and are being IGNORED -- a typo looks exactly like this. If they come from a newer schema, this is expected and harmless.","tier":"implicit_default_repo","ts":1785998679160}
evt: {"event":"config_resolved","tier":"implicit_default_repo","ts":1785998679160,"version":1,"why":"gm's own shared default config repo at https://github.com/AnEntrypoint/gm-config (no project or user config.source.json configured)"}
evt: {"did_sync":false,"event":"recall_vector_phase_timing","namespaces":1,"sync_ms":6,"ts":1785998679388}
evt: {"event":"recall_vector_phase_timing","outcome":"ok","search_ms":2,"ts":1785998679390}
evt: {"did_sync":false,"event":"recall_vector_phase_timing","namespaces":1,"sync_ms":5,"ts":1785998679396}
evt: {"event":"recall_vector_phase_timing","outcome":"ok","search_ms":2,"ts":1785998679398}
evt: {"event":"recall","hit":false,"mode":"kv_query","n_hits":0,"namespace":"default","query":"RES","sub":"memory","ts":1785998679398}
evt: {"event":"dispatch.end","ms":240454,"ts":1785998679398,"verb":"transition"}
evt: {"event":"config_unknown_keys","keys":["browser_witness","claim_audit","code_chunks","code_index","discipline_note","embed","git_commits","instruction_payload","pipeline","rssearch"],"reason":"these top-level keys are not recognised by this build and are being IGNORED -- a typo looks exactly like this. If they come from a newer schema, this is expected and harmless.","tier":"implicit_default_repo","ts":1785998749869}
evt: {"event":"config_resolved","tier":"implicit_default_repo","ts":1785998749869,"version":1,"why":"gm's own shared default config repo at https://github.com/AnEntrypoint/gm-config (no project or user config.source.json configured)"}
evt: {"event":"config_unknown_keys","keys":["browser_witness","claim_audit","code_chunks","code_index","discipline_note","embed","git_commits","instruction_payload","pipeline","rssearch"],"reason":"these top-level keys are not recognised by this build and are being IGNORED -- a typo looks exactly like this. If they come from a newer schema, this is expected and harmless.","tier":"implicit_default_repo","ts":1785998749872}
evt: {"event":"config_resolved","tier":"implicit_default_repo","ts":1785998749872,"version":1,"why":"gm's own shared default config repo at https://github.com/AnEntrypoint/gm-config (no project or user config.source.json configured)"}
evt: {"event":"dispatch.end","ms":120144,"ts":1785998749873,"verb":"transition"}
evt: {"event":"config_unknown_keys","keys":["browser_witness","claim_audit","code_chunks","code_index","discipline_note","embed","git_commits","instruction_payload","pipeline","rssearch"],"reason":"these top-level keys are not recognised by this build and are being IGNORED -- a typo looks exactly like this. If they come from a newer schema, this is expected and harmless.","tier":"implicit_default_repo","ts":1785998758664}
evt: {"event":"config_resolved","tier":"implicit_default_repo","ts":1785998758664,"version":1,"why":"gm's own shared default config repo at https://github.com/AnEntrypoint/gm-config (no project or user config.source.json configured)"}
evt: {"event":"config_unknown_keys","keys":["browser_witness","claim_audit","code_chunks","code_index","discipline_note","embed","git_commits","instruction_payload","pipeline","rssearch"],"reason":"these top-level keys are not recognised by this build and are being IGNORED -- a typo looks exactly like this. If they come from a newer schema, this is expected and harmless.","tier":"implicit_default_repo","ts":1785998758667}
evt: {"event":"config_resolved","tier":"implicit_default_repo","ts":1785998758667,"version":1,"why":"gm's own shared default config repo at https://github.com/AnEntrypoint/gm-config (no project or user config.source.json configured)"}
evt: {"event":"embed.query_cache_hit","query_len":20,"ts":1785998758701}
evt: {"did_sync":false,"event":"recall_vector_phase_timing","namespaces":1,"sync_ms":9,"ts":1785998758710}
evt: {"event":"recall_vector_phase_timing","outcome":"ok","search_ms":2,"ts":1785998758712}
evt: {"did_sync":false,"event":"recall_vector_phase_timing","namespaces":1,"sync_ms":5,"ts":1785998758719}
evt: {"event":"recall_vector_phase_timing","outcome":"ok","search_ms":3,"ts":1785998758722}
evt: {"event":"recall","hit":false,"mode":"kv_query","n_hits":0,"namespace":"default","query":"perfect project","sub":"memory","ts":1785998758722}
evt: {"event":"instruction.served","mutables_pending_count":0,"phase":"RES","prd_pending_count":0,"ts":1785998758748}
evt: {"event":"dispatch.end","ms":87,"ts":1785998758748,"verb":"instruction"}
evt: {"event":"config_unknown_keys","keys":["browser_witness","claim_audit","code_chunks","code_index","discipline_note","embed","git_commits","instruction_payload","pipeline","rssearch"],"reason":"these top-level keys are not recognised by this build and are being IGNORED -- a typo looks exactly like this. If they come from a newer schema, this is expected and harmless.","tier":"implicit_default_repo","ts":1785998768631}
evt: {"event":"config_resolved","tier":"implicit_default_repo","ts":1785998768631,"version":1,"why":"gm's own shared default config repo at https://github.com/AnEntrypoint/gm-config (no project or user config.source.json configured)"}
evt: {"event":"config_unknown_keys","keys":["browser_witness","claim_audit","code_chunks","code_index","discipline_note","embed","git_commits","instruction_payload","pipeline","rssearch"],"reason":"these top-level keys are not recognised by this build and are being IGNORED -- a typo looks exactly like this. If they come from a newer schema, this is expected and harmless.","tier":"implicit_default_repo","ts":1785998768633}
evt: {"event":"config_resolved","tier":"implicit_default_repo","ts":1785998768633,"version":1,"why":"gm's own shared default config repo at https://github.com/AnEntrypoint/gm-config (no project or user config.source.json configured)"}
evt: {"event":"phase.transitioned","from":"SEC","phase":"RES","ts":1785998797723}
evt: {"event":"config_unknown_keys","keys":["browser_witness","claim_audit","code_chunks","code_index","discipline_note","embed","git_commits","instruction_payload","pipeline","rssearch"],"reason":"these top-level keys are not recognised by this build and are being IGNORED -- a typo looks exactly like this. If they come from a newer schema, this is expected and harmless.","tier":"implicit_default_repo","ts":1785998797726}
evt: {"event":"config_resolved","tier":"implicit_default_repo","ts":1785998797726,"version":1,"why":"gm's own shared default config repo at https://github.com/AnEntrypoint/gm-config (no project or user config.source.json configured)"}
evt: {"event":"config_unknown_keys","keys":["browser_witness","claim_audit","code_chunks","code_index","discipline_note","embed","git_commits","instruction_payload","pipeline","rssearch"],"reason":"these top-level keys are not recognised by this build and are being IGNORED -- a typo looks exactly like this. If they come from a newer schema, this is expected and harmless.","tier":"implicit_default_repo","ts":1785998797729}
evt: {"event":"config_resolved","tier":"implicit_default_repo","ts":1785998797729,"version":1,"why":"gm's own shared default config repo at https://github.com/AnEntrypoint/gm-config (no project or user config.source.json configured)"}
evt: {"event":"embed.query_spill_hit","query_len":3,"ts":1785998797742}
evt: {"did_sync":false,"event":"recall_vector_phase_timing","namespaces":1,"sync_ms":8,"ts":1785998797750}
evt: {"event":"recall_vector_phase_timing","outcome":"ok","search_ms":2,"ts":1785998797752}
evt: {"did_sync":false,"event":"recall_vector_phase_timing","namespaces":1,"sync_ms":7,"ts":1785998797761}
evt: {"event":"recall_vector_phase_timing","outcome":"ok","search_ms":2,"ts":1785998797763}
evt: {"event":"recall","hit":false,"mode":"kv_query","n_hits":0,"namespace":"default","query":"RES","sub":"memory","ts":1785998797763}
evt: {"event":"dispatch.end","ms":240244,"ts":1785998797763,"verb":"transition"}
evt: {"event":"config_unknown_keys","keys":["browser_witness","claim_audit","code_chunks","code_index","discipline_note","embed","git_commits","instruction_payload","pipeline","rssearch"],"reason":"these top-level keys are not recognised by this build and are being IGNORED -- a typo looks exactly like this. If they come from a newer schema, this is expected and harmless.","tier":"implicit_default_repo","ts":1785998888733}
evt: {"event":"config_resolved","tier":"implicit_default_repo","ts":1785998888733,"version":1,"why":"gm's own shared default config repo at https://github.com/AnEntrypoint/gm-config (no project or user config.source.json configured)"}
evt: {"event":"config_unknown_keys","keys":["browser_witness","claim_audit","code_chunks","code_index","discipline_note","embed","git_commits","instruction_payload","pipeline","rssearch"],"reason":"these top-level keys are not recognised by this build and are being IGNORED -- a typo looks exactly like this. If they come from a newer schema, this is expected and harmless.","tier":"implicit_default_repo","ts":1785998889459}
evt: {"event":"config_resolved","tier":"implicit_default_repo","ts":1785998889459,"version":1,"why":"gm's own shared default config repo at https://github.com/AnEntrypoint/gm-config (no project or user config.source.json configured)"}
evt: {"event":"phase.transitioned","from":"RES","phase":"DECIDE","ts":1785999009559}
evt: {"event":"config_unknown_keys","keys":["browser_witness","claim_audit","code_chunks","code_index","discipline_note","embed","git_commits","instruction_payload","pipeline","rssearch"],"reason":"these top-level keys are not recognised by this build and are being IGNORED -- a typo looks exactly like this. If they come from a newer schema, this is expected and harmless.","tier":"implicit_default_repo","ts":1785999009562}
evt: {"event":"config_resolved","tier":"implicit_default_repo","ts":1785999009562,"version":1,"why":"gm's own shared default config repo at https://github.com/AnEntrypoint/gm-config (no project or user config.source.json configured)"}
evt: {"event":"config_unknown_keys","keys":["browser_witness","claim_audit","code_chunks","code_index","discipline_note","embed","git_commits","instruction_payload","pipeline","rssearch"],"reason":"these top-level keys are not recognised by this build and are being IGNORED -- a typo looks exactly like this. If they come from a newer schema, this is expected and harmless.","tier":"implicit_default_repo","ts":1785999009564}
evt: {"event":"config_resolved","tier":"implicit_default_repo","ts":1785999009564,"version":1,"why":"gm's own shared default config repo at https://github.com/AnEntrypoint/gm-config (no project or user config.source.json configured)"}
evt: {"did_sync":false,"event":"recall_vector_phase_timing","namespaces":1,"sync_ms":8,"ts":1785999009810}
evt: {"event":"recall_vector_phase_timing","outcome":"ok","search_ms":2,"ts":1785999009812}
evt: {"did_sync":false,"event":"recall_vector_phase_timing","namespaces":1,"sync_ms":6,"ts":1785999009821}
evt: {"event":"recall_vector_phase_timing","outcome":"ok","search_ms":2,"ts":1785999009823}
evt: {"event":"recall","hit":false,"mode":"kv_query","n_hits":0,"namespace":"default","query":"DECIDE","sub":"memory","ts":1785999009823}
evt: {"event":"dispatch.end","ms":241196,"ts":1785999009823,"verb":"transition"}
evt: {"event":"config_unknown_keys","keys":["browser_witness","claim_audit","code_chunks","code_index","discipline_note","embed","git_commits","instruction_payload","pipeline","rssearch"],"reason":"these top-level keys are not recognised by this build and are being IGNORED -- a typo looks exactly like this. If they come from a newer schema, this is expected and harmless.","tier":"implicit_default_repo","ts":1785999043428}
evt: {"event":"config_resolved","tier":"implicit_default_repo","ts":1785999043428,"version":1,"why":"gm's own shared default config repo at https://github.com/AnEntrypoint/gm-config (no project or user config.source.json configured)"}
evt: {"event":"config_unknown_keys","keys":["browser_witness","claim_audit","code_chunks","code_index","discipline_note","embed","git_commits","instruction_payload","pipeline","rssearch"],"reason":"these top-level keys are not recognised by this build and are being IGNORED -- a typo looks exactly like this. If they come from a newer schema, this is expected and harmless.","tier":"implicit_default_repo","ts":1785999043430}
evt: {"event":"config_resolved","tier":"implicit_default_repo","ts":1785999043430,"version":1,"why":"gm's own shared default config repo at https://github.com/AnEntrypoint/gm-config (no project or user config.source.json configured)"}
evt: {"event":"embed.query_cache_hit","query_len":20,"ts":1785999043463}
evt: {"did_sync":false,"event":"recall_vector_phase_timing","namespaces":1,"sync_ms":9,"ts":1785999043472}
evt: {"event":"recall_vector_phase_timing","outcome":"ok","search_ms":2,"ts":1785999043474}
evt: {"did_sync":false,"event":"recall_vector_phase_timing","namespaces":1,"sync_ms":5,"ts":1785999043481}
evt: {"event":"recall_vector_phase_timing","outcome":"ok","search_ms":2,"ts":1785999043483}
evt: {"event":"recall","hit":false,"mode":"kv_query","n_hits":0,"namespace":"default","query":"perfect project","sub":"memory","ts":1785999043483}
evt: {"event":"instruction.served","mutables_pending_count":0,"phase":"DECIDE","prd_pending_count":0,"ts":1785999043508}
evt: {"event":"dispatch.end","ms":84,"ts":1785999043508,"verb":"instruction"}
evt: {"event":"config_unknown_keys","keys":["browser_witness","claim_audit","code_chunks","code_index","discipline_note","embed","git_commits","instruction_payload","pipeline","rssearch"],"reason":"these top-level keys are not recognised by this build and are being IGNORED -- a typo looks exactly like this. If they come from a newer schema, this is expected and harmless.","tier":"implicit_default_repo","ts":1786003813721}
evt: {"event":"config_resolved","tier":"implicit_default_repo","ts":1786003813721,"version":1,"why":"gm's own shared default config repo at https://github.com/AnEntrypoint/gm-config (no project or user config.source.json configured)"}
evt: {"event":"config_unknown_keys","keys":["browser_witness","claim_audit","code_chunks","code_index","discipline_note","embed","git_commits","instruction_payload","pipeline","rssearch"],"reason":"these top-level keys are not recognised by this build and are being IGNORED -- a typo looks exactly like this. If they come from a newer schema, this is expected and harmless.","tier":"implicit_default_repo","ts":1786003813725}
evt: {"event":"config_resolved","tier":"implicit_default_repo","ts":1786003813725,"version":1,"why":"gm's own shared default config repo at https://github.com/AnEntrypoint/gm-config (no project or user config.source.json configured)"}
evt: {"detail":"verb=git_finalize gap_ms=4770218","event":"deviation.long-gap-no-instruction","kind":"long-gap-no-instruction","severity":"deny","source":"rs-plugkit/gates","sub":"hook","ts":1786003813727}
evt: {"event":"config_unknown_keys","keys":["browser_witness","claim_audit","code_chunks","code_index","discipline_note","embed","git_commits","instruction_payload","pipeline","rssearch"],"reason":"these top-level keys are not recognised by this build and are being IGNORED -- a typo looks exactly like this. If they come from a newer schema, this is expected and harmless.","tier":"implicit_default_repo","ts":1786003827207}
evt: {"event":"config_resolved","tier":"implicit_default_repo","ts":1786003827207,"version":1,"why":"gm's own shared default config repo at https://github.com/AnEntrypoint/gm-config (no project or user config.source.json configured)"}
evt: {"event":"config_unknown_keys","keys":["browser_witness","claim_audit","code_chunks","code_index","discipline_note","embed","git_commits","instruction_payload","pipeline","rssearch"],"reason":"these top-level keys are not recognised by this build and are being IGNORED -- a typo looks exactly like this. If they come from a newer schema, this is expected and harmless.","tier":"implicit_default_repo","ts":1786003827210}
evt: {"event":"config_resolved","tier":"implicit_default_repo","ts":1786003827210,"version":1,"why":"gm's own shared default config repo at https://github.com/AnEntrypoint/gm-config (no project or user config.source.json configured)"}
evt: {"event":"embed.query_spill_hit","query_len":20,"ts":1786003827243}
evt: {"dim":384,"event":"embed_generation_recorded","key":"b8b6f24106dd526a","model":"BAAI/bge-small-en-v1.5","scope":".gm/.embed-generation.rssearch_vectors","ts":1786003827251}
evt: {"did_sync":false,"event":"recall_vector_phase_timing","namespaces":1,"sync_ms":26,"ts":1786003827269}
evt: {"event":"recall_vector_phase_timing","outcome":"ok","search_ms":6,"ts":1786003827275}
evt: {"did_sync":false,"event":"recall_vector_phase_timing","namespaces":1,"sync_ms":6,"ts":1786003827283}
evt: {"event":"recall_vector_phase_timing","outcome":"ok","search_ms":2,"ts":1786003827285}
evt: {"event":"recall","hit":false,"mode":"kv_query","n_hits":0,"namespace":"default","query":"perfect project","sub":"memory","ts":1786003827285}
evt: {"event":"instruction.served","mutables_pending_count":0,"phase":"DECIDE","prd_pending_count":0,"ts":1786003827313}
evt: {"event":"dispatch.end","ms":111,"ts":1786003827313,"verb":"instruction"}
evt: {"event":"config_unknown_keys","keys":["browser_witness","claim_audit","code_chunks","code_index","discipline_note","embed","git_commits","instruction_payload","pipeline","rssearch"],"reason":"these top-level keys are not recognised by this build and are being IGNORED -- a typo looks exactly like this. If they come from a newer schema, this is expected and harmless.","tier":"implicit_default_repo","ts":1786003839098}
evt: {"event":"config_resolved","tier":"implicit_default_repo","ts":1786003839098,"version":1,"why":"gm's own shared default config repo at https://github.com/AnEntrypoint/gm-config (no project or user config.source.json configured)"}
evt: {"event":"config_unknown_keys","keys":["browser_witness","claim_audit","code_chunks","code_index","discipline_note","embed","git_commits","instruction_payload","pipeline","rssearch"],"reason":"these top-level keys are not recognised by this build and are being IGNORED -- a typo looks exactly like this. If they come from a newer schema, this is expected and harmless.","tier":"implicit_default_repo","ts":1786003839101}
evt: {"event":"config_resolved","tier":"implicit_default_repo","ts":1786003839101,"version":1,"why":"gm's own shared default config repo at https://github.com/AnEntrypoint/gm-config (no project or user config.source.json configured)"}
evt: {"event":"git.commit","repo":null,"sha":"be767e431c","summary":"Harden auth, fix XSS in Studio, add rate limiting, and unify embedded/HTTP core logic","ts":1786003839374}
